name,attributes__attributes__Crown,attributes__attributes__Body,attributes__attributes__Head,attributes__attributes__Background,attributes__attributes__Custom,displayUri
Monarx #487,Smoking gold,Captain rot,Tiny head,Depression modified,,ipfs://bafybeif5kxvbjgrpmvzqyeasrkfwve24fqqbfasswikrkz4r2n7ap6wo4e
Monarx #234,Unicorn,Naval blues,Butter drop,Olive dream,,ipfs://bafybeied2occ3bdpug7arh5dyfbhgjn52shxlxq4kjrjpawc3qmmdl2yam
Monarx #111,Hostile spikes,Cotton collar,Ghoul,In my shadow,,ipfs://bafybeibqhqbbhacpl6tz23izog65quenh3jf4eepxk44eahfkajez2js4a
Monarx #209,Roots,Count decor,Grand fungi,Tranquility,,ipfs://bafybeighfqkq5jer4ds6e4rncrfhnf2iknbbemufym5f7g2ytnlzytpdkq
Monarx #525,Shattered pride,Oak frame,Maroon portal,Rust,,ipfs://bafybeidxhymjipxf2jfqggo4rxhytbav5dl6472nhewq3qofw5eitmipg4
Monarx #247,Charcoal moth,Fox skin,Blind eyes,Obsidian modified,,ipfs://bafybeigvuqlpdni25u7xqlx32hodjwn6wwkwtc6j4cpctbmckob4qpvfje
Monarx #397,Broken shoehorn,Roadkill sweater,Red wolf,Meat swamp,,ipfs://bafybeigqic5a6lfwz2naesilixyxb47vw23vrhpyzjaaytpuln6ab3uvge
Monarx #578,Golden circle,Captain rot,Alien santa,Acceptance,,ipfs://bafybeidl5ozg3iiqst2fubdnoghheuou33w4dh5j7yb4d225k6lqiktn4q
Monarx #552,Atlantis fire,Authority,Behemoth,Battlefield,,ipfs://bafybeiaznjjvopjjvs6acme3gcs6n6t7ei5rrs4dyab2paiy42fvpq6m3y
Monarx #248,Frosty sunshine,Crows nest,Flamingo,In my shadow,,ipfs://bafybeifmlklgmefjgcy35mhd5faqeyl7kspacmb7e6fevevbwebexzd6be
Monarx #300,Frosty sunshine,Seashell robe,Cage,Granite hall,,ipfs://bafybeihyqby7qrwod4mq4coid4seh5y36mur2opopsihfr7tw5qvlwst4a
Monarx #56,Crown of novice,Crows nest,Attitude,Burgandy vision,,ipfs://bafybeidq6g4ghoxwbv5b4jztysfn7foflgi7ysnb3s2wm44zrvs3pewk3q
Monarx #589,Roots,Emerald glare,Purple haze,Mania,,ipfs://bafybeicadx3gp7emkxxfqlmwi6sl67ulkg45puykznb7unrs3wyw7czpfa
Monarx #75,Bloody cross,Crimson collar,Crimson jason,Buried sand,,ipfs://bafybeiaycifh5rqixdhs5s3nd2zfii4kagqemph4h7u5qfg4s6smju2cjy
Monarx #126,Crown of novice,Commandment,Intense,Paint it red,,ipfs://bafybeichwxowh4vjelakolecn72frj6hv62jfkvm7kqdzdrohjk2fkxb5y
Monarx #336,Phantom mirage,Train wreck,Pheonix dome,Champion,,ipfs://bafybeidwdyx62p5rmgwnj2f3scml3jnb7hvj5wobkgsxfa6gjadfuxwe44
Monarx #64,Crown of novice,Crime scene,Rose peach,Burgandy vision,,ipfs://bafybeifi7uzngvskmpoe3wzavgpel3hwud3fl4mbcy7woirgdhf2gloroa
Monarx #627,Turquoise glee,Cotton candy,Burning gold sensation,Nightmare,,ipfs://bafybeiafkmxz2zlo6b6mixaax5scwqhhtl2pycyyzoqzdcnxgpb4fxfrba
Monarx #186,Tiny hope,Quarter pounder,Copper nose,Abandoned,,ipfs://bafybeifdfblljromlh4mundzqzkoa6ub5w46lqmvaltk4bvy3vot5n6oui
Monarx #269,Metal rhino,Golden tulip,Intense,Where am i,,ipfs://bafybeia4cgbtvutzfo63kjfav6bep6zzigwe326wasv64clcjauvnff3qm
Monarx #366,Icicle crown,Train wreck,Chin boot,Heaven,,ipfs://bafybeihdxxl746vevflxmdy2wqfh4ngjoicel6ep3ystqg2p7wqh7r63v4
Monarx #187,Three preists,Crows nest,Portal melted,Rust,,ipfs://bafybeihwjiftsae63viachn2diu4pysu62qq6s7gl3uer2tfpypgvpy34i
Monarx #151,Lambado,Dead branches,Alien santa,Surreal,,ipfs://bafybeid2tdvet5andytga4bntarhwucqzbshhsbfksqswiebn7jy5llkb4
Monarx #218,Pinser,Authority,Behemoth,Adobe,,ipfs://bafybeiffoqbryz6lefs7oe7lz7ioqmxc4xeemocnwpqv2unmlkn2v3stt4
Monarx #201,Turquoise glee,Paper bag,Cage,Sun ray,,ipfs://bafybeihun7bi7nw2uuuzuihxujj6vwehteq6uxl72jdkiki4sb3pbl2gte
Monarx #380,Northern crown,Count decor,Grand fungi,Abandoned,,ipfs://bafybeia54dy7hmlkzqbh3lvixqmhfo76ce6q6whsk4pdy2qcclpzdr2wom
Monarx #540,Cute crown,Commandment,Grim leaper,Solitude,,ipfs://bafybeiekeb6rqulviu4wfbuwp6eisx2myjrglveoduohcu3jyytwpoa4eq
Monarx #312,Pope modified,Puddle suit,Intelligencia,Mind break,,ipfs://bafybeifzipqkrhvxm6lo7anlfq3d3bcvttnwc22gvcjdzdrkrtfahyyyvm
Monarx #457,Junkyard crown,Rot suit,Doom guy,Memory,,ipfs://bafybeigkpf5ri2ure77gy5cxte2ac6ydjjnffqbpqbm5xpgewhiq237fra
Monarx #332,Northern lights,From the past,Pheonix dome,Homicidal,,ipfs://bafybeief4ubk3ynjb4u2phlt7p3cnwxstgkzf465pc5hs5tpg46awuqtda
Monarx #444,Junkyard crown,Naval blues,Butter drop,Insanity,,ipfs://bafybeiffig6dp4gmsdq2lr3kmal3yfw7xc7mh6pgcovuv5xvrlf4g6zlay
Monarx #115,Crown of novice,Autumn hail,Sunshine,Clay church,,ipfs://bafybeiewude6tf5r4si7ls3e23orn4jhnb6fq6pdrilohzhqlmk4mslt3y
Monarx #52,Fish bones,Vein milk,Santa,Ash and stains,,ipfs://bafybeifxk4ae32svmxcpfzjeizxq3abqifhkyc4o4bs2x7zc2fnfkfvlvq
Monarx #154,Happy ogre,Puddle suit,Three eyed ape,Avalanche,,ipfs://bafybeib5ue6oute6v3e7zv3kticjrjxaxcylgl333wzktzculjwf55ifqu
Monarx #655,Dog feathers,Wolf man,Moldy heart,Crimson river,,ipfs://bafybeibfdu45s2wp6oawfium5tuidtnakw7t4bpo5svtvprxepnwfjsloq
Monarx #584,Happy ogre,Earthly camoflauge,Portal melted,Desperation,,ipfs://bafybeihghn5frlzuogbbtzjruxywrshnkqfpglkkqtrx2xbpwfe3ile4sa
Monarx #298,Rook,Oil spill,Fishy heart,Blizzard,,ipfs://bafybeic4mis6ubj7n6u47xfyhxgwgvmjyafxkib7yuaibw6tq2m7d6dz4i
Monarx #17,Jagged cold,Authority,Behemoth,Homicidal,,ipfs://bafybeies4bk2ohecjbooi6upy6ydlxgiglufd6cmlepsxnsjoj6ehuxyky
Monarx #560,Jagged cold,Crows nest,Mo,Clay church,,ipfs://bafybeicssez7t7cnwjiswmizlgekvphlgephvksifbwnvkfiyklsgpz2jm
Monarx #631,Three preists,Commandment,Leather dome,Arizona,,ipfs://bafybeib5ksuoswsmpket53tf65obflprs2lgidw376jjdh25spyv4btgy4
Monarx #352,Golden circle,The aristocrat,Flamingo,Inception,,ipfs://bafybeidcfte5tzr7h5zk3ynd2zmorsmlqb2s7njotzjvtbg4nccahsgi6u
Monarx #307,Icicle crown,Cotton candy,Clairvoyant,Granite hall,,ipfs://bafybeig6zgo4pvahiqvqwui2fimacgz7pnjhquqqamzk2lfq4bs7b27vbm
Monarx #13,Frosty sunshine,The muddler,Crayon eater,Battlefield,,ipfs://bafybeiftrq7owp57ocfc3xfmiwr5mzn7yfhmulutiy5zalhrtgjhvr4ree
Monarx #123,Tiny hope,Red hood,Drunk boi,Avalanche,,ipfs://bafybeiez7exhy3x7umd4vqsqy3m7j7tz3sz4oxzq4xilhldarvy2klmf5y
Monarx #651,Jagged cold,Count decor,Grand fungi,Jade cave,,ipfs://bafybeidpdnndujio7vcro5mwhja47avflblnhvkv6h2ceicgxcnyfdqchq
Monarx #429,Dancing crown,Emerald trench coat,Doom guy,Obsidian,,ipfs://bafybeiarv43abrgsttiiy7ya4uaq5quz4jcu5gjc4m7q5ynmo5ymhxbjyq
Monarx #533,Pope,Seashell robe,Rose peach,Nightfall,,ipfs://bafybeielha2smjzvuzaopv54v62yaqybjk4zwlng5ibyz6uwi3dnorcckq
Monarx #48,Lambado,Golden tulip,Leather dome,Battlefield,,ipfs://bafybeidsfh3zmfi6md7gfguhuhhd3nk2hf2wj5vzxozvdyd4cm77np53im
Monarx #471,Roots,The muddler,Grinning lamb,Champion,,ipfs://bafybeicobd2qw5mzpbohzfxz2cypkdhuglarwmi62a7upkcdq57hx73ngi
Monarx #255,Silver drip,Rot suit,Venom kiss,Am i dead,,ipfs://bafybeidiwjh73tci55areevgj2hjgxitbodpeyc6t7hds3insxdejqdylm
Monarx #586,Three peaks,Superman,Man bun,Jade cave,,ipfs://bafybeigqflc6cog7oyacvjuwpr4d4xb45qnki5qrbmdpng3fzwjczm3xb4
Monarx #529,Diving gale,Crimson collar,Take over,Clairvoyance,,ipfs://bafybeifwvmlumdvhjygyrf2ofk6rne2lo76v5auwxf6za72z3k2lltps2e
Monarx #319,Moldy ancestors,Crows nest,Grinning lamb,Surreal,,ipfs://bafybeigajak6yo7xlc7nafo4m4e74u76ekd2gwssw3yrahpbsjgb5cgopy
Monarx #574,Charcoal moth,Why so serious,Take over,In my shadow,,ipfs://bafybeic2wjxpo563r2ynks7a7td5nnfex7x246yasoc2fhhfxc26k2iqmu
Monarx #98,Atlantis fire,Dead branches,Maroon portal,Destiny,,ipfs://bafybeibgfw7gidtqkahhaxhehmlfx4atzsaiajvvkmuk2rn7p6l4rv6sga
Monarx #47,Roots,Quarter pounder,Judgement,Wishful thinking,,ipfs://bafybeid77ifjkcf7qj3j7ufqe4yhk42xwkpgnt3yq5ipm36s7xerzgkqoe
Monarx #421,Moldy ancestors,Quarter pounder,Socratasha,Desperation,,ipfs://bafybeibhnjsgarpfdnszexfs6fmwkjvmlv43kxfsxkpfy7slpesfl5gl7y
Monarx #191,Tourist crown,Uranus,Amber sister i,Meatwad,,ipfs://bafybeib34px5f54jxsypcr4eek3jfauw44jjjt3icw3wgpa454lkzvz4tm
Monarx #386,Rorschach,Modest monarch,Marble whisper,Homicidal,,ipfs://bafybeib7btdgadbtftkwimtyhrg737j7gyd63osdqfyaflslc5wwlv5vei
Monarx #282,Brass club,Earthly camoflauge,Intelligencia,In my shadow,,ipfs://bafybeidp3xhawhrabtgdj5lwp575dlma6j4vfohoftx7xl6nbfpmfvbgcy
Monarx #569,Pinser,Earthly camoflauge,Planet implosion,Suspicion,,ipfs://bafybeiefrywwb3d4e3fmuxzs52xzualqtq5wp3sjaigacsbzi7ipvc72jy
Monarx #403,Dancing crown,Vixen hunter,Crayon eater,Mirage,,ipfs://bafybeih3csl45snmdgbihrznvjzgl4w2ionutmeyrbrk652ovq3kswfooi
Monarx #120,Pinser,From the past,Xenomorph,Abandoned,,ipfs://bafybeihjzjp2j73srklj6rigdso5rcuizps3brox2kruakj43seojt6asy
Monarx #40,Pinser,Cotton candy,Beak lips,Surreal,,ipfs://bafybeiaixg43enfoarh5lnhmqdfvgweoydpapyto2qakv6zqibqyhotrqm
Monarx #581,Steel edge,Earthly camoflauge,Ukraine,Paranoia,,ipfs://bafybeidvb4d37v5wny7s5scinznvltqchjkod5kx45bcgiw473233m6jqi
Monarx #55,Shattered pride,The muddler,Xenomorph,Tranquility,,ipfs://bafybeihofkyc4zfzd2on3iksp7nyvk2jmpllybfac2atxnpjdrewqvzywe
Monarx #497,Bloody cross,The accountant,Venom kiss,Jungle cliff,,ipfs://bafybeiaqo5y4efdwnwangosih6sbo5ees2gf6phw4r4rgxedvxaw6hhda4
Monarx #534,Phantom mirage,Color gentleman,Homeless crown,Burgandy vision,,ipfs://bafybeifwrgbvcwarucomp6ut2vsgli2cdzjuqzxqhrygxjjg6srxxmxtku
Monarx #272,Fish bones,Golden tulip,Burning gold sensation,Suspicion,,ipfs://bafybeif54hxomnecwropchnjueppv2nr5vkjvhq4xl4yp6odffw7yx3jzy
Monarx #324,Elders wisdom,The muddler,Freezer,Olive dream,,ipfs://bafybeihkwvqzz4iqgnzkhzimxujgrs23wi7lfilhejipxhzn6pt45q6wse
Monarx #184,Jade thorns,Puddle suit,Tiny head,Tranquility,,ipfs://bafybeibrgqgd2xh3ubmshbu5mob5gxkqv2ehxfgxrxhwbmqngqlarhcytu
Monarx #293,Northern crown,From the past,Visionary,Chaos overhead,,ipfs://bafybeieyxhez2xmxbwfs556l2bwku57dnmwhbnwtudcez5j2aol4om27iq
Monarx #84,Crown of novice,Itunes,Beak lips,Am i dead,,ipfs://bafybeiaimhzxv62d4zzioi5lrwvbizkawmcqf7shfbkqptre7ubjasyh5i
Monarx #136,Tourist crown,Majestic amber,Intense,Grudge,,ipfs://bafybeieafcwx2xhssq7o5h3f5b3tg6qhkjawwh5zjyehy4bnft3bnjedem
Monarx #228,Doom dome,Quarter pounder,Melty rocks,Midnight stone,,ipfs://bafybeid2nwiq4hb5w35qsney5pgd4bnulv43lbjlkpmkmvtkwcahom4tsa
Monarx #659,Northern crown,Pink prime,Take over,Golden sea,,ipfs://bafybeigooxbi5yt6iyrin7j7ifq6zc2zb4bgk235us7dlv63kkde5pdziu
Monarx #260,Cursed  gold,Monk shreds,Sunflower,Midnight,,ipfs://bafybeigvqavhzyrzhm3vcp6265w52fpr7qvtrcvj4p6upfo3mo4bva6i44
Monarx #19,Charcoal moth,The admiral,Leather dome,Delusion,,ipfs://bafybeifa3w3xbsgo7yn4h76mnn4npe2dh4m2a3drgj4eqfm7ajwfomdx54
Monarx #616,Atlantis fire,Train wreck,Grandpa portal,Iron vein,,ipfs://bafybeigflf54elnd6ovyj2tdhh7vb6janlxegcyg7k3jemazgx7p6kjfli
Monarx #570,Mighty fall,Lava scum,Socratasha,Arabia,,ipfs://bafybeiaavf6biqgv2ebyxq77hs6inwuhn3jjjd2ici5xrrqlx7qzpdr6za
Monarx #634,Dog feathers,Cotton candy,Maroon portal,Midnight stone,,ipfs://bafybeig3rrskzc6abkmsv7cqqaqzbtuo75gfcsro73zky2qauwnrxon6ca
Monarx #391,Atlantis fire,Blood bath,Flamingo,Inception,,ipfs://bafybeiaycgciph65v5xj4mff5b3qr2e3qenpz3yyzjg6efvndgfbkbjdpi
Monarx #278,Flower patch,The muddler,Linen head,Buried sand,,ipfs://bafybeibfjct5kuxg4fbxshez5e3y6ndo77lopirgquw7e7krzk4zjpy5jy
Monarx #361,Cute crown,Animal tyrant,The rock,Seizure,,ipfs://bafybeihiohuxgkaffibeu3lmmfpgxeoyipc5zk2iduayzbaxmvdhbukqyq
Monarx #199,Jade thorns,Flex ball,The rock,Nightfall,,ipfs://bafybeihtuv2emcqo7v4h44mg666rya5azgabgho6rgk5y623itikwh3may
Monarx #639,Metal rhino,Dead branches,Undercover alien,Chaos overhead,,ipfs://bafybeig4ttuyeysbhwi2ximjm4fm4a7zc3bvftir5u6ev64ibn7yehgcze
Monarx #149,Silver drip,Ribbon cloth_,Hangover,Homicidal,,ipfs://bafybeid6qbkb7lkmnvjigulucc6d6shvjjimdqkz7wc72ygep46v6bfssa
Monarx #333,Glass chalk,Ribbon cloth_,Suspicion,Obsidian,,ipfs://bafybeicbfql4rjopqofo57yb3q46se3mve3udxhxt5tnjjxsqaq4jxp2bq
Monarx #498,Rook,Pink prime,Grandpa portal,Where am i,,ipfs://bafybeifmg4rttta3w5o2hnjwmqaddbd2idaawdk5sqp2djndvdds5uvldu
Monarx #66,Lambado,Lava scum,Boy bander,Silence,,ipfs://bafybeicmcyjurm22an7xctpq4imxmdzcfwzhzqaofs4noqe3fzkyiiamim
Monarx #239,Northern lights,Autumn hail,Call face,Solitude,,ipfs://bafybeicz2fanmmdha2bg4si3nfrpyvlw3i6ozkbjr6ks4pissgx5uszn7m
Monarx #423,Turquoise glee,From the past,Undercover alien,Glacier,,ipfs://bafybeid3xrhfjuwrzy2vfmjic2xi4xnhvse4jwdwxobk5b5bymqrztkd5a
Monarx #458,Happy ogre,Color gentleman,Black portal,Arabia,,ipfs://bafybeicxu6bldwoovbzawkjlir55xdvp472lmv2aeejiuansxxhpifb2hu
Monarx #514,Turquoise glee,Emerald glare,Purple haze,Sacrafice,,ipfs://bafybeicbdei4ntr2ilyzyxdehgllwvs67uyz5cc2rzppbsyvqyp2yqt4la
Monarx #27,Metal rhino,Red hood,Venom kiss,Delusion,,ipfs://bafybeia5hcpf7sfhtrjveccufis5d5x44c5llxoutndciotw3ov3l3m55u
Monarx #527,Poseidon,Naval blues,Butter drop,Damascus steel,,ipfs://bafybeid56tqpnxj5465n7bkgmociofs46pj2wj757sqyvguqbrjdu7p27q
Monarx #303,Golden circle,Salesman,Crimson jason,Damascus steel,,ipfs://bafybeicd43aghujmsqzr3yc5zrdrjjoyaiiq5k5m6refzkmiz4rzlqomqe
Monarx #202,Feather crown,Marble tux,Bird bomb,Metal storm,,ipfs://bafybeicuhklzjvjvs3gza47lmu6gor2ufov254ekerqpnyx4js4elz7xdy
Monarx #181,Fish bones,Men in black,Drunk boi,Avalanche,,ipfs://bafybeib3o2pgbol4ejl2rar5uubtg65oq3bahgyb5fcot2vjmg3a6ggjyq
Monarx #424,Tourist crown,Paper bag,Happy face,Darkness,,ipfs://bafybeih3uaqkfjypdipd4hdrl2hzejzwkd4g2oki7y3edwa5nhyjfjjuuu
Monarx #21,Diving gale,Vein milk,Donut lops,Jade cave,,ipfs://bafybeicywbicfylqx2hn4cjiu7mmhtfavi5d42hvpjl2kwn4jvjrog3dr4
Monarx #165,Steel edge,Dead branches,Imoteh,Silence,,ipfs://bafybeievonkwb3jej24khbb6h5fozzxluq3axc6qswjxlkvxwvx32t2mw4
Monarx #276,Emerald gaze,Commandment,Lava face,Fractured mind,,ipfs://bafybeicawdiamlk3blqtsnwajpcveywvvkakzfwyy2hednqhmxsfnvbute
Monarx #438,Broken shoehorn,Blood bath,Ukraine,Not alone,,ipfs://bafybeibff6rjvacvrky27ho3aovxdhamz2ulhsptdrl5ipkkkexxcovidu
Monarx #425,Broken shoehorn,Oil spill,Maroon portal,Abandoned apartment,,ipfs://bafybeicmd7xflep4oatj45cnaqrpsppqfv64z4s6wkdm7lr3mhkl7nh7fm
Monarx #116,Emerald gaze,Flamingo abuse,Blood face,Iron vein,,ipfs://bafybeihqxqb7z75fnptvtwda3wsnfmfyss2mkzbv5plhf5wawegvurov6y
Monarx #11,Three peaks,Emerald trench coat,Socratasha,Apathy,,ipfs://bafybeiaz65gck6v6kbpvkgowlnt4jq4jx3dnliarmxfffped33qcpsyidm
Monarx #542,Elders wisdom,Salesman,Witness protection,Doubt,,ipfs://bafybeif7hva2gqsr23z2l3l57crmqyv42mz7cawtgxavknhxgzekyx4w3i
Monarx #268,Northern lights,Color gentleman,Blind eyes,Clairvoyance,,ipfs://bafybeibs6lty3lyrqbxrms766gu6fc7pn4veknusv2gcwpmzefnrcsjqeq
Monarx #318,Crown of nothing,Wolf man,Pixie cops modified,Horizon,,ipfs://bafybeig3uyiuz6tqv7zvxngrjj5lttfuuo2l3gnwbzmhwwncfdxqi4mksm
Monarx #398,Pinser,Itunes,Grim leaper,Forrest Fire,,ipfs://bafybeic6x4gi3mipis6e46hsttxovgcnwqaxssxl33kn45eq2prgrraqzu
Monarx #329,Moldy ancestors,Color gentleman,Mo,Abandoned,,ipfs://bafybeidoyprd7x2zoacnnvwjjelvirhmhyeoi6otkytazyx5nk4gvjgvgi
Monarx #359,Moldy ancestors,Lava scum,The grudge,Paint it red,,ipfs://bafybeic6rhfloe7bvpldaoxjf5af4shtaj2niydih2b2t3tdxgslss7jye
Monarx #644,Jade thorns,Autumn hail,Sleepy willow,Clay church,,ipfs://bafybeicfem2hcqlhgzz6ad2ujrljkssb23hmmja2xys2xemywbnzn3e4ae
Monarx #253,Mighty fall,Seashell robe,Undercover alien,Damascus steel,,ipfs://bafybeibfi2eniycljz6ticohdypnym7u4efnag7q5ff7542cuzla72rjhe
Monarx #188,Icicle crown,Wolf man,Amber sister i,Desperation,,ipfs://bafybeidrj6vwu24vrssenuqcheyvdi5l3tu26wsl5ho4lggkosvkkt3pga
Monarx #280,Broken shoehorn,Tar coat,Lava fountain,Grudge,,ipfs://bafybeicejaifcvcrm5lgvkyb62kb267ck2eyphaxjge2lad3bqn76ksafq
Monarx #373,Rook,The aristocrat,Black portal,Apathy,,ipfs://bafybeifk2yrlik6xglhpoojgf2ojimbay2pzvducbap5x2rpr2ulv6uzx4
Monarx #284,Poseidon,Modest monarch,Moldy clown,Champion,,ipfs://bafybeibna5sybecwoaymxt6fi735lgtstumf2wwarxiujdzqmudavikrb4
Monarx #598,Cute crown,Crimson collar,Worms,Devestation,,ipfs://bafybeif6y2wlypjgikkklmfkedgewyxgq63tsw5antixejgk6nc3tls72a
Monarx #206,Diving gale,Tar coat,Blind eyes,Mt everest,,ipfs://bafybeidms6fhrkhbekk5u5w5sc4ulm77yet23erluraecespc3npe3vgo4
Monarx #146,Fish bones,Cotton collar,Witness protection,Desperation,,ipfs://bafybeictfc7l2e6q6pock4ghwhui65jrsyzdpssw3vanc2b7zbti5ll4bu
Monarx #294,Phantom mirage,The atlantic,Mona lisa,Haze,,ipfs://bafybeidbniv3xfpvkph6mtxwe7mr7kdly22rndu62crh4jhovq4cla5fwy
Monarx #387,Metal rhino,Aquatic majesty,Bowl stack,Nightfall,,ipfs://bafybeidxcaj3jt5vlzi4ou2pc73zunysu2fejbqrwqrb6sjr3rlbtqdv5q
Monarx #25,Flower patch,The admiral,Beak lips,Yogurt,,ipfs://bafybeie342sqiwcuxwoi5cl75ek6aczpbcney3w4wmrjd4kbvr6yr6zcbe
Monarx #155,Atlantis fire,Satan leather,Mo,Mania,,ipfs://bafybeidhfl6yvjl2g6e5hjxexiedlj2lmzvs5jg4lwh7c6kmr3m7tevdga
Monarx #375,Rook,Men in black,Donut lops,Emerald,,ipfs://bafybeib3y76eyg5n6ta7c6sy3xq7utme4p4jvmkrhnrgrx6fjieq4kppz4
Monarx #506,Jade pickle,Grand admiral,Moldy clown,Grandmaster,,ipfs://bafybeiciaccnwofuty2y45e6se5itj3iz76haawely2qqdbplvjk7e6r7a
Monarx #77,Charcoal moth,Crimson collar,Take over,Wishful thinking,,ipfs://bafybeiez6mvugh2yotrr6pzqc3z75ufrxtt4o3lfqdb5zsnvk7qpfctshy
Monarx #485,Flower patch,Oil spill,Cranium oak,Memory,,ipfs://bafybeiavrek4wwk5umnugk6gcrttipja74cfdm3gbbkekjps7dccvwgexe
Monarx #557,Golden chaos,Fox skin,Eye of intelligencia,Arabia,,ipfs://bafybeibltzaopmisszyfxmphwk4l32ne3jxnpvxyqkfu2n4tmx6l7jul4q
Monarx #510,Cute crown,The accountant,Burning gold sensation,Haze,,ipfs://bafybeibdsmodipt6cvyox5r3n3yfj4mwh3v5vczhtz3wgznplejoij5nky
Monarx #480,Elders wisdom,Golden tulip,Clairvoyant,Primal fear,,ipfs://bafybeicyhr6wwuskon46tcfj5itwatoncgykuaupv3i5b3mq2xtoxg7k7i
Monarx #73,Three preists,Burn survivor,Donut lops,Avalanche,,ipfs://bafybeict2fadgpfdyc2vyhys7a7lqgsvtalnxnkktbhjyd3m5unugu2v3a
Monarx #390,Oval gems,Naval blues,Butter drop,Acceptance,,ipfs://bafybeiaipc5ucotvt2afoxeoutb3biedjsrzvqlkix7k7sx5kh4uvm3iqm
Monarx #362,Golden circle,Why so serious,Undercover alien,Sandpaper,,ipfs://bafybeifvchss2gjl3qlrnwmdpbysqtftf77vodbl3yyv4qfm26huk3sh4a
Monarx #345,Rook,Blood bath,Portal melted,Paranoia,,ipfs://bafybeifnyfft6mvkaltkmeynf4b4mfcbz7yummnw6gcd4ekb4d2eaizzgi
Monarx #162,Frosty sunshine,Cotton collar,Grinning lamb,Yogurt,,ipfs://bafybeih6jyxpdnpcusgimmeiwfk453mfihnkzr72ovadyeoohsvafukdxa
Monarx #275,Glass chalk,Crime scene,Visionary,Horizon,,ipfs://bafybeiepscupbk53jfdgjl3mgto2ynkg2xqdbovziwfwodokmvip3tgguq
Monarx #341,Diving gale,Puddle suit,Flower meadow,Granite hall,,ipfs://bafybeig4rdin5dlcvgdypj246ebqijojci6az4n62et5sjzqi6nrs2xgv4
Monarx #389,Bloody cross,Fox skin,Portal madness,Despair,,ipfs://bafybeid2f76tjrkltdxuwbo4qcfifc7s7gqd7rh7ze7shlw5u26ttgwc44
Monarx #273,Glass chalk,Crime scene,Cranium oak,Golden sea,,ipfs://bafybeic62syhiatgo4wngzxxrtmwl4x2htmcikhc5jjscf3ijpbxcrpo7a
Monarx #588,Melting throne,Ribbon cloth_,Car wreck,Homicidal,,ipfs://bafybeihgpmna73xmvjzkktn57ykphcg2qc6wtngg5kpnvywufz7g6ate2e
Monarx #208,Flower patch,The admiral,B orange,Scarlet,,ipfs://bafybeigogq6gzrl7f4yg3szptssbwftcablntcv5ebsuh2wgpmaqdkjvjy
Monarx #8,Turquoise glee,Animal tyrant,Silver portal,Blood bath,,ipfs://bafybeihil65ueft35fes7m2pumjv2np6mnmdsd5hjq4ineududplom5mua
Monarx #443,Neon life giver,Count decor,Grand fungi,Mania,,ipfs://bafybeicw2gvr4ookk2mft5neelwsdnbdnntngjh5kpa7uvwuw6543ggqo4
Monarx #245,Golden circle,Burn survivor,Beak lips,Acceptance,,ipfs://bafybeig3tcejhu7avfvn7fwz4xqyklsoxkmw4w2zynywmxtguha4jpz3za
Monarx #415,Icicle crown,Mad king,Knot sure,Seizure,,ipfs://bafybeiau4tgmqrbf7qzmgvg7easbyzxlvwgg7gu43hjonalkysiutl7lly
Monarx #621,Silver drip,Aquatic majesty,Bowl stack,Paint it red,,ipfs://bafybeiaufxocyonj2o3fxs4qopsvnliwulqstqqclb7fa262n4xf6tlgzu
Monarx #240,Tiny hope,The muddler,Venom kiss,Helens edge,,ipfs://bafybeidblfr6hd53y7alisuwsgwunm2igbmaavap4pl7viteg6uugpkdfa
Monarx #86,Flaming raven,Authority,Behemoth,Arabia,,ipfs://bafybeifssxrqoomu3zjlzd2elrwbgwpfvm3ecaerbebozn7irwdox4wuzi
Monarx #432,Diving gale,Why so serious,Burning gold sensation,Blood spill,,ipfs://bafybeifp33sitn2k5q5rtm7nxzhhi23hzvwydywvnjborwkgbqmc7q3f5u
Monarx #177,Mighty fall,Wolf man,Intelligencia,Confusion,,ipfs://bafybeiglund3qt3opoat3xnh6bhm2shyzhgufbsigmsnqfjprx36qwmenq
Monarx #45,Happy ogre,Red hood,Lava fountain,Solitude,,ipfs://bafybeifnj27tko4z3qu6fmbb5qj37y56mifqqdpt2bjrl6agsijybaou5u
Monarx #526,Unicorn,Seashell robe,Oil spill,Dark marble,,ipfs://bafybeics6awdsxswdid6mz7xkn4uonpxs5h4afcqnb4nuvwdlhteibsthm
Monarx #395,Glass chalk,Pink prime,Fishy heart,Homicidal,,ipfs://bafybeihy6fbavfffjifoecfklpgg4hpoybbqw2lbjxm2bn6bw4sismu7oe
Monarx #33,Bloody cross,Men in black,Amber sister i,Dark marble,,ipfs://bafybeih6m3kvg5wu4hm6hu656yxhgmo4u2a2ixjadiiqlqd7payycfwwlq
Monarx #344,Northern lights,Vein milk,Pixie cops,Arizona,,ipfs://bafybeiaywtos2pn42afxpssuf5d7cobzqndnmbvt6xyfpzkmhhfmje6hbi
Monarx #456,Poseidon,Flex ball,Car wreck,Battlefield,,ipfs://bafybeids2v7hpusflbecjzbbmkgtsjyodieaanowu46z4r2fsxf4ea62ym
Monarx #476,Steel edge,Vixen hunter,Spider face,Primal fear,,ipfs://bafybeiec3h6cfccv32nbvtnpampyfeen2aqegeprav4s7q7eye7rl4zs2a
Monarx #430,Junkyard crown,Itunes,Man bun,Sandpaper,,ipfs://bafybeigghnd5qo7pxp5msvkwq75lvx6vtfyvrigqxg5vfq4u4iq7gqquje
Monarx #642,Dog feathers,Satan leather,Crimson jason,Midnight stone,,ipfs://bafybeicrc3yyhphal25ihr4utevmkunzf36ckhtmqmsgjffgfchnjwfu4e
Monarx #140,Flaming raven,Tornado,Man bun,Jungle cliff,,ipfs://bafybeihthsd4ra7wl7xgm3eoyvtuzhoh3loegt5fd6zefenbsuiu4w6cuu
Monarx #511,Melted raven,Golden tulip,Santa,Helens edge,,ipfs://bafybeiccnbjubu5napoejtxsvse7b33ovaximne2ifuro7x5gkomdqkr2u
Monarx #408,Three peaks,Vixen hunter,Leather santa,Meatwad,,ipfs://bafybeihd6vonfzxueyu7ehf26baqaaqrwaxyppavwpr5n5mlag4elym56e
Monarx #292,Melting throne,Flamingo abuse,Knot sure,Paranoia,,ipfs://bafybeicbmq3wcb4fsunjc7gqrx3qsoicfu3ldfifcoy6a7xx6k242qjqs4
Monarx #537,Colleseum,Quarter pounder,Homeless crown,Paranoia,,ipfs://bafybeig6mi4mkueppuesphpzpdzqtctsctik6bbepjbyu6trlfmjrh6jia
Monarx #579,Junkyard crown,Dead branches,Homeless crown,Sacrafice,,ipfs://bafybeihvep3kbo5vezw3zqzrymnmdtqjoeyuzigd22yi7epetov22owxeu
Monarx #343,Doom dome,Cotton candy,Three eyed ape,Chaos overhead,,ipfs://bafybeidqh3quz2yzpue2uhbfie5ijh7r6xpmoilxaolz5zlhxunia34l7u
Monarx #145,Coral lava,Fox skin,Doom guy,Seizure,,ipfs://bafybeiegyhd5o4wjdrmhowm44dxntqtc35gqugp2qbgsdxkpw6usmeypwa
Monarx #212,Fish bones,Captain rot,Lava face,Suspicion,,ipfs://bafybeiftjjlsbp4mdwk462h5x7wte3hnb7a72od2suver7wr4c7wjdtjra
Monarx #647,Brass club,Cotton candy,Beak lips,Insomia,,ipfs://bafybeierhivcyslff5gmmraqe52txaqwkgrlpvydrz6wwbcarr5iot7foy
Monarx #369,Rorschach,Paper bag,Melty rocks,Glacier,,ipfs://bafybeihgwr3abagc2xnersatgdd7idmgoyetmm7mworbiyvm6xpwpiuke4
Monarx #649,Northern lights,Vixen hunter,Bird bomb,Insanity,,ipfs://bafybeiejgxxpuknbyr77usoxcswvfz3i2pvrw7yzq2ydza3laedxrzakfu
Monarx #562,Glass chalk,The aristocrat,Red wolf,Horizon,,ipfs://bafybeicxscirxk6xxarcqfoyifc6d36px5ist67zdv57alawfhcdxnj5lu
Monarx #474,Northern crown,Commandment,Attitude,Wishful thinking,,ipfs://bafybeif7h7j6f7zdm2cc4mecx33mbsvnp3jiqjle3ezafakjarczkram6q
Monarx #538,Golden chaos,Tornado,Call face,Memory,,ipfs://bafybeick67mprrfmo36l4rl7zygzpdcfttpn56tn7gfqret2slqmsah7uu
Monarx #286,Tiny hope,Emerald trench coat,Take over,Primal fear,,ipfs://bafybeigtfghs55fao6idysueqj5efuwal3q4a6nf4jodvjchjq3ox5vnk4
Monarx #328,Silver drip,Satan leather,Leather santa,Yogurt,,ipfs://bafybeidpozvv3ixeql3zrkp3f3dnkfu6nanhp43mlq7726gal325lqoyzy
Monarx #210,Crown of novice,Flex ball,Tiny head,Golden sea,,ipfs://bafybeibmy56nvqrfspxofktbs4lcm3cb4u6qfhn3xswh2n3ufrird573d4
Monarx #601,Brass club,Flamingo abuse,Flamingo,Apathy,,ipfs://bafybeifr3kp2xezwa4vhkdpviybnco2f3ex4yiuxot4j3t4a6sobrdizqq
Monarx #441,Three peaks,Lava scum,Leather dome,Solitude,,ipfs://bafybeidrwv7qlzryjxg537jltgzli5zke2gzkw4xo5g22lvno6eyhv75jq
Monarx #236,Diving gale,Color gentleman,Amber sister i,Despair,,ipfs://bafybeidwmlh5fdqz3gxjwerrowelckapy6qjwj5b4wo3hqzicoyrhix6hi
Monarx #68,Emerald gaze,Itunes,Amber sister i,Shattered,,ipfs://bafybeield4dqesux3msb5i45r22ubrfglp37tgg2jtp5wtefkijunjtqwq
Monarx #483,Northern lights,Tar coat,Silver portal,Jungle cliff,,ipfs://bafybeieed5ww5p6hgs6x3vdkfq7pq53zb663a2dtqlsuefrl6ijryp3gue
Monarx #65,Glass chalk,The accountant,Crimson jason,Abandoned apartment,,ipfs://bafybeiatjlzdp5xomfomq4elsxfydqn6kyv74fimpoum65oxjsgrxdq45a
Monarx #592,Icicle crown,Oil spill,Rocky poet,Adobe,,ipfs://bafybeiftwnoyn2liblxqiuj2brhv3z4qb3cdatyxs227gespecq4rpvbca
Monarx #597,Charcoal moth,Autumn hail,B orange,Glacier,,ipfs://bafybeigyd3ej6ekf7jbz32gpfxkomokgodhoysqxbbypd555oc566dbdy4
Monarx #221,Brass club,Flamingo abuse,Flamingo,Apathy,,ipfs://bafybeighg7zu2rllihv5yxwet6squiipxqp5sc5cvvzpincjyo6ibk7czi
Monarx #411,Rook,Crimson collar,Grinning lamb,Insomia,,ipfs://bafybeie7gv2z4birujl6gw6oo7podypbeuqhbb535zoxbd7pkyt4dcfjoe
Monarx #595,Coral lava,Why so serious,Burning gold sensation,Not alone,,ipfs://bafybeia5ingqezfxmgnpp74s2uwtvhi7zejwif3q6gdazbfsdaazzfanmq
Monarx #347,Metal rhino,Flex ball,Santa,Paint it red,,ipfs://bafybeiar7euwts7yrilttic2g3lvlx7kvef5z3ffz7jwyqmbzxysnf6ajy
Monarx #279,Melted raven,Pink prime,Cream cheese,Crimson river,,ipfs://bafybeiarxruuc36mjanibmhihvaimo4oxhec7dyxotsqvvqxlt32wataja
Monarx #516,Broken shoehorn,Captain rot,Rocky poet,Damascus steel,,ipfs://bafybeibieekbgnsa6p44rbx2s6yhmhomo67u6qpmbdwh4le3t252d4nsy4
Monarx #198,Jagged cold,Pink prime,Rocky poet,Confusion,,ipfs://bafybeig4gzfhheulkww7eggqgi5zdhjpy7bwjhv7myb37cmpzvgm3pry2a
Monarx #399,Dog feathers,Grand admiral,Suspicion,Doubt,,ipfs://bafybeicvs4wqoibavwk5zibulhrkisbibam32wrqy744nbjkitoolv3ice
Monarx #18,Rook,Oil spill,Leather santa,Golden sea,,ipfs://bafybeibxlgghoeimlmyvvymmvkydkp2pvzsjk77cqki54564osk7oggshm
Monarx #35,Atlantis fire,The admiral,Sunshine,Confusion,,ipfs://bafybeidegkwkncuo33vtpa3j3n6brh7jnlffl6ejdyr5a2mutsdcnk6xnq
Monarx #46,Charcoal moth,Train wreck,Sunflower,Chemical spill,,ipfs://bafybeifg3lvvvv3bk5ajmnkuwpyzxaxzokvqavgeplya43sfl55sotbi6i
Monarx #219,Coral lava,Emerald glare,Purple haze,Mind break,,ipfs://bafybeiayrwd3wxqqt5clymnzeew54a2vfequksf2gfgu3id5uxouo2pe6y
Monarx #125,Jade pickle,Red hood,Lava face,Avalanche,,ipfs://bafybeifb5x6tzkzviumirqbiktpaf6r23hpmzkp5okq5dhzvxyk6mxvmry
Monarx #467,Jade pickle,Emerald trench coat,Xenomorph,Tranquility,,ipfs://bafybeicvnhigju4foglzzymc3hr6j4wk2sgb23pb4t7ibz5dnb2uwmxzl4
Monarx #434,Elders wisdom,Oak frame,Tiny head,Crimson river,,ipfs://bafybeieqzapttgbnucfrts7v4o7llwkzzipnjfnstajaapcddvwpgcqoz4
Monarx #252,Mighty fall,Itunes,Crayon eater,Meatwad,,ipfs://bafybeidv32672lqxxg54k6z7qiigns643jiorbbfygafncgst4ovt3yxky
Monarx #657,Steel edge,Itunes,Crayon eater,Horizon,,ipfs://bafybeigqa5j6nudwoiic43hckz6ccetstlkvqxo23spbzdeapqd77rekca
Monarx #44,Doom dome,Earthly camoflauge,Rocky poet,Acceptance,,ipfs://bafybeickvf6inlcsfq6aoeonflbaipdlb4blqk7t5amxzd4l3fcvlguhoq
Monarx #564,Icicle crown,Why so serious,Moldy clown,Homicidal,,ipfs://bafybeier6zpwgxx4ta7s3bwe3ywybyn7m2sl77wqlo3fd2rtfss4lh6zm4
Monarx #297,Rorschach,Grand admiral,Fishy heart,Grudge,,ipfs://bafybeia45roirjdjt5vpvih6cooawfhdknxzsioqydbsctrfnzxxk5khs4
Monarx #645,Icicle crown,Autumn hail,Hangover,Solitude,,ipfs://bafybeif3rtczyc44l5o3va3carart2ir3mjgmuxaug7m2dim3y3wp5q3zq
Monarx #110,Jade thorns,Graduation robes,Witness protection,Sacrafice,,ipfs://bafybeid444yczjdldfhadseftwytygmmzy6fhhmyzboyj6bq44ol4rvrdm
Monarx #49,Three peaks,Paper bag,Attitude,Arizona,,ipfs://bafybeialw4vpbwdrlcaezf5q2jpuw4mqgzvjlxf7zvcesalz7g6sb3mfum
Monarx #87,Charcoal moth,Uranus,Red riding hood,Nightfall,,ipfs://bafybeie33j7k5kq6a23jti3tgajkukfojeaaipjsxxxow5jspa6pqmnofi
Monarx #197,Cute crown,Why so serious,Sunshine,Mt everest,,ipfs://bafybeifopz5olfgaa3k3cojddismoxemvf73jkeda2l52zppfyiqakqpdy
Monarx #364,Moldy ancestors,Vixen hunter,Bird bomb,Sacrafice,,ipfs://bafybeidjy2q4ne7gpvlolvao322ubzx54nmkjv2skxekjgglxamirwymyi
Monarx #496,Junkyard crown,Emerald trench coat,Lava face,Midnight,,ipfs://bafybeigbibtpp3agldb4sugdwjjbtypikctfdyl2rezrxraxk2epf3ktay
Monarx #410,Jagged cold,Flamingo abuse,Homeless crown,Arabia,,ipfs://bafybeihmhjdjtxwpt4ubuwd4urqqjwuq7kaexinh64famprgvzm4v7mgta
Monarx #156,Happy ogre,Men in black,Undercover alien,Fractured mind,,ipfs://bafybeicobf2kxihp3kl46bidskheodjn6t3dlvjdgjo3eervyswqqimlye
Monarx #392,Colleseum,Satan leather,Mo,Battlefield,,ipfs://bafybeiguu5izqi6ejpfiyb7c4mhjonhu2p2wcju5z5hviwzkygenzbj7aa
Monarx #130,Roots,Monk shreds,Blind eyes,Perserverance,,ipfs://bafybeieh6ftjca3ae3wkvt4asv47nj7u526ret5wlevznq6utyi6lyaosm
Monarx #259,Golden chaos,Flex ball,Copper nose,Abandoned apartment,,ipfs://bafybeifxondwx4gz56ajlwsrces5p54iksezkeurfgnplrl7dzejbfvqyu
Monarx #72,Shattered pride,Fox skin,Flower meadow,Perserverance,,ipfs://bafybeie3daufioaturitdhaje7kippwjv6uoakukbr3z6v2ivtputgxgpm
Monarx #330,Three peaks,The admiral,Intelligencia,Blood bath,,ipfs://bafybeicxi3vxp3azz6mq7o2oolnqp56eqnjg7nzrf4vkdablrthfy7mg5a
Monarx #287,Oval gems,Train wreck,Black portal,Mind spill,,ipfs://bafybeiesgtvgizcgje2t5vt5gww3fcz674d5optanfyyxdkcmchpdg6mnq
Monarx #358,Golden circle,Animal tyrant,Happy face,Destiny,,ipfs://bafybeihq65lykmw5dnhzpp7ohotff6rpn5d7ayd3ovovjqmdc6tpvmjsoq
Monarx #217,Jade pickle,Rot suit,Judgement,Devestation,,ipfs://bafybeibpegqb6ezijxdh3xsm7ztzr4mynuhmnnxxxo2m3l2ori3zdcwmhu
Monarx #106,Emerald gaze,Lava scum,Leather santa,Battlefield,,ipfs://bafybeid5h7z3jwapbuxfwfh7odc3325jwdzgcsqyq2awljyfzvq2x33aeu
Monarx #427,Crown of nothing,Crimson collar,Comet,Forrest Fire,,ipfs://bafybeieziogumdaanxas25mmbdgb7xhypwq7dta7qvvpm22w5qmxl2a44q
Monarx #78,Colleseum,Grand admiral,Tiny head,Heaven,,ipfs://bafybeigjhwomhmkql42hkplzbeftajn5hmpf4fmhany4tkn2bvefhd44me
Monarx #311,Three peaks,The atlantic,Bird bomb,Midnight stone,,ipfs://bafybeiduefrbkkb23kvtuqudant3itnvfq6ab6dslxpjpesotxvysrquyu
Monarx #108,Turquoise glee,Flamingo abuse,Spider face,Midnight,,ipfs://bafybeia42gffjvoeadegwb4u74o6kjj7jry3hvxicc5pcvqbjlz3xhlzfe
Monarx #342,Cute crown,Ribbon cloth_,Meat head,Depression,,ipfs://bafybeicz2c2fykjbma26akj3h6mztqjgjosh4diewp2kifv6snehvnfj4y
Monarx #640,Cute crown,Quarter pounder,Rose peach,Abyss,,ipfs://bafybeiew3hjj5kjqx6xlrbikvevi76sjuguq4m5rhzivpychj3q5jhset4
Monarx #559,Icicle crown,Color gentleman,Clairvoyant,Destiny,,ipfs://bafybeif4wukawwvhyn3c2xg5rcl4tk3k4wqpjjjk6hmcofpya6tlfvogqe
Monarx #354,Coral lava,Blood bath,Oh i see,Blood bath,,ipfs://bafybeigada65uhk3vvdfejmn7wuwume6e2xfqc6vwbitoy467kcj5nbvsy
Monarx #521,Melted raven,Naval blues,Butter drop,Apathy,,ipfs://bafybeidadjjzcmnydje4htonbufndyh6vptpxetgrd6ejvlxmjt223ckde
Monarx #257,Flaming raven,Vixen hunter,Ukraine,Yogurt,,ipfs://bafybeihor7exeqqwivro3qf7mdsjegxjo7kavcjplaq7tzkqyozcnwkxea
Monarx #378,Neon life giver,Emerald glare,Purple haze,Grandmaster,,ipfs://bafybeia3o6uhpmixqpxsrx57ngq64egwt2hqzumlznzqabybj5iz3qi3ie
Monarx #113,Lambado,The accountant,Pig demon,Mirage,,ipfs://bafybeifmu6widrmjypdwb5nrtzxrt2c36gkkhhgvvawmwglqmp2xei6sc4
Monarx #454,Broken shoehorn,Rot suit,Shark fin,Jungle cliff,,ipfs://bafybeibwu3y2ly64bd6kpq5ipwotmqbhigk7fceyvsrveukw4sgbxnospm
Monarx #173,Glass chalk,Animal tyrant,Red wolf,Primal fear,,ipfs://bafybeigyrvtmry257cjsldxooor3e5wnzfhfklqkbp7txm4pjo65bqgey4
Monarx #407,Broken shoehorn,Vein milk,Xenomorph,Paint it red,,ipfs://bafybeifq7x6wy6aoo4dh62lo7gbdluagtownb7rjur4zki463v6drniixq
Monarx #310,Phantom mirage,The admiral,Sleepy willow,Adobe,,ipfs://bafybeihiemity72h3ocqx2ulw3vulgbtdcuda6b7adpmqtddosasklcliy
Monarx #32,Northern crown,Why so serious,Lava fountain,Clairvoyance,,ipfs://bafybeifagh5xnbl24yd5fgyel77fquvdi54forawggh6nz3u4hfqlxewee
Monarx #129,Turquoise glee,Captain rot,Pixie cops,Perserverance,,ipfs://bafybeiatse3mh44misbw43awzgplzqs4yyycstkxe7cojz5uhbyveumc5i
Monarx #134,Emerald gaze,The atlantic,Ukraine,Mt everest,,ipfs://bafybeifz3vvon2c5yyr46olwm2ohlqr7yipiyfeamfqwkyfzrymkdcxhdi
Monarx #95,Pinser,Graduation robes,Oh i see,Throne modified,,ipfs://bafybeibsbs65i6q7hosxjf2g6rvindgnknopwsvzybygsp5pbsnd7uxqvu
Monarx #160,Brass club,Blood bath,Leather santa,Clairvoyance,,ipfs://bafybeiavvirrlylesuptdleqpffulthyqkv6fgg6ksuecfvlbsjduwzmsq
Monarx #267,Moldy ancestors,Modest monarch,Lava portal,Midnight,,ipfs://bafybeie6karv46vtc3n54aevkqd437sjkhd442k3g6rk5ycdlklkmmd2mu
Monarx #174,Brass club,Vein milk,Doom guy,Confusion,,ipfs://bafybeibth462sjnkphyp2jtluaj7t4ugjpasdb3hi7a7jpa2uaoqd64gte
Monarx #482,Steel edge,Crime scene,Intelligencia,Abyss,,ipfs://bafybeif27kqx2sjzltlfjudp5h4qibfqr2upknaykr2krxrvqwafxuyzxu
Monarx #37,Oval gems,Superman,Silver portal,Grandmaster,,ipfs://bafybeieecpzicxzgshgnqzocgsmxocrpfdpt5bf3kkrxd27tnime2tjgwa
Monarx #614,Flower patch,Fox skin,Black portal,Charcoal mine,,ipfs://bafybeidxktbk7oigncrkhbsw6q27eoftlri3vagf27p6rekyjrzax2kpsa
Monarx #117,Brass club,Lava scum,Blood face,Emerald,,ipfs://bafybeibufmi42y4bfzxkteo2avavcelvofzmdjpgatwvhnbgw2os4ykvby
Monarx #630,Steel edge,Uranus,Red riding hood,Mirage,,ipfs://bafybeif7bs7bktrfmgxreulyxusrk6lqlqkv3dley53b5q5grpczi74osy
Monarx #274,Elders wisdom,The accountant,Intense,Confusion,,ipfs://bafybeifx4kn3ni7o4mvpowv6rkwdxtgj5qnyr5pp76czfvwara2rane6yu
Monarx #179,Metal rhino,The accountant,Burning gold sensation,Despair,,ipfs://bafybeifis72dneyct2kxo62k64mp4haic2wkpm7e6jj3k5gyf5kjn7nmai
Monarx #216,Dancing crown,Tornado,Boy bander,Dark marble,,ipfs://bafybeidnzer2fa4f34rubzuk3exzieffejf4jrp5cp64jrgawme2hmko5e
Monarx #277,Moldy ancestors,Dead branches,Boy bander,Sandpaper,,ipfs://bafybeiasdsfwabs5rgfonzc7vppogb5fvvtlmpc6lnwsuguugylaoymcxu
Monarx #451,Feather crown,Vixen hunter,Cream cheese,Mind spill,,ipfs://bafybeiee33crdefnm2npdnqn2cmmbf32avzuk2x24ipakg4xvlgilsdyna
Monarx #528,Colleseum,The muddler,Venom kiss,Helens edge,,ipfs://bafybeigxog5jy4gci2otiosapnonpxjihjxk324ch2hmxbx5in4y746d5i
Monarx #653,Brass club,Modest monarch,Rocky poet,Amazon,,ipfs://bafybeigmeedjhiy6w4eo6xwgoo2clndx7xlebw6ithoxvnxf62gb7ogp6u
Monarx #607,Tiny hope,Why so serious,Mona lisa,Acceptance,,ipfs://bafybeicl37d4v6rctbapeuomi3u4xlohtwlw2jf7ojjqcrjnagqlxm72fi
Monarx #466,Jagged cold,Tar coat,Happy face,Haze,,ipfs://bafybeie2afy2no3snt2kbezfl6j6lgt6ev6f2qdz6i7sec3dlb4fxp6oq4
Monarx #85,Pope,The accountant,Lava face,Blue forrest,,ipfs://bafybeidmqdcx2r67amip7cqwubr63pseqn45pakalmttgfqej7jdgbuccm
Monarx #22,Golden chaos,Pink prime,Neptune,Crimson river,,ipfs://bafybeic2lsf2sqakisql5oiuu43473rirwezoy3wfd73bg6zdbpumy4v2e
Monarx #82,Doom dome,Monk shreds,Grim leaper,Scarlet,,ipfs://bafybeifft5bsmt5ppmgmcfj3ij2ok4tpmqzvopku476y5zjqipq4wkvpqy
Monarx #632,Doom dome,Monk shreds,Silver portal,Meat swamp,,ipfs://bafybeihgwrmooq6ekswedmtvc5ly2h4n3uggn3l23wghpxawefkj35yfha
Monarx #535,Poseidon,The admiral,Oil spill,Abandoned apartment,,ipfs://bafybeigamavebkfhw6mxxp73hif6dkoweaushran2s62pjpbfrbrphsvqe
Monarx #615,Oval gems,Monk shreds,Visionary,Shattered,,ipfs://bafybeihi74n3vfpbchekc3r7ynwqamlmtbvvsarl3ijkcqtm6tvjbdnvtu
Monarx #58,Doom dome,Puddle suit,Burning gold sensation,Seizure,,ipfs://bafybeifhsnm3dhn5jamuvl4t44pawpix6wsduvk72et5rjwimv6r4b4rxe
Monarx #417,Tiny hope,Animal tyrant,Suspicion,Chaos overhead,,ipfs://bafybeifsmndflvazg23pr6ip3zinlcua4barwyoj5bcpvaftu6ovaodzdy
Monarx #660,Pope,Glitter boi,Comet,Scarlet,,ipfs://bafybeiflry4yvdijuszvhy3vbzfcghrnqgtzddt6rz3i4jdh7v7v6vhjye
Monarx #128,Diving gale,Seashell robe,Zero,Apathy,,ipfs://bafybeiegr6opbbgyujv4qc6o65okjbuyzulqzpzpjtocvdjzubucb5ohvq
Monarx #539,Flower patch,Graduation robes,Butterfly soup,Silence,,ipfs://bafybeieoywhynpekiodap6vux26jn2wweo6wxcwxvbt5jo3g5s6otuyt6e
Monarx #14,Jade pickle,Grand admiral,Beak lips,Blue forrest,,ipfs://bafybeif3powbrobt327fuiz2kxgozcrzy6l6ayri5jtsxwl77yuwtckr2u
Monarx #590,Northern lights,The muddler,Oh i see,Primal fear,,ipfs://bafybeigfacntlyikavnsdylnazdg667kwcwcq5iqm2qy635ico3azpskze
Monarx #449,Lambado,The atlantic,Meteor head,Clay church,,ipfs://bafybeifqm6qvxij54yx572hbrg3jis3rlmdxy7j4qm275gvp7tqk6isyse
Monarx #159,Melted raven,The muddler,Knot sure,Blood bath,,ipfs://bafybeiev7vl4ccwhsokrz2pqc7z62ldpyy42zjzmidr2o7buovvwua6k6i
Monarx #265,Coral lava,Dead branches,Mona lisa,Meat swamp,,ipfs://bafybeicb64uncx5ggpl2e5byrr2ilzjtbsyxclihqdemvm7wn7njv2ncmm
Monarx #327,Moldy ancestors,Autumn hail,Hangover,Insomia,,ipfs://bafybeibjlvzikc6jdqs3b2kfv3e5or6yiovvuctkyetayaondrnqw3geaq
Monarx #204,Three preists,Salesman,Leather dome,Amazon,,ipfs://bafybeiajrb5ygw4cn75r56c3usqvi4icurrzrr6onolkcdknfjdksrj3xu
Monarx #617,Silver drip,Vivid luck,Portal melted,Meatwad,,ipfs://bafybeihvgbx2d4esl64dthdhxzrgar4xxgnjjpijr4tvz4exbrcjjcv5iq
Monarx #339,Junkyard crown,Rot suit,Flower meadow,Devestation,,ipfs://bafybeiee3hle7yuz4yz7xzzzixc2azdpb7ohamtsykepu7tn2lcvwwm3ia
Monarx #629,Jade pickle,Oak frame,Happy face,Chaos overhead,,ipfs://bafybeicp3keiuqgvcznzyzuhy2nh2p5d64ptwozzhfmlcy5qbdlcgzv6ba
Monarx #93,Turquoise glee,Grand admiral,Rose peach,Mind break,,ipfs://bafybeie5fvnm2u4bfvl46bc257ubjyw42y2mdfq6isac2btdhmo2r6vf6i
Monarx #150,Golden chaos,Authority,Behemoth,Sacrafice,,ipfs://bafybeihnodnnlphsw4r5g52eyuus7nfzoe5rdysks66u5fr7dskowsmf7a
Monarx #315,Atlantis fire,Monk shreds,Lava portal,Memory,,ipfs://bafybeifis2jxifa357lcm3xaaii554jc2wstehlmoekuqrypltbiqixgai
Monarx #377,Phantom mirage,The admiral,Mr robot,Midnight stone,,ipfs://bafybeie522fifuh5vz6mmzjpidupc5mhyxy4abwer3pzqdh6vb66jufotm
Monarx #249,Flaming raven,The accountant,Pheonix dome,Clay church,,ipfs://bafybeibywfaxw6kgi3vwbwv7skno3teqcbeggtev66qx7okl25eyjrpqzu
Monarx #227,Melted raven,Superman,Cage,Charcoal mine,,ipfs://bafybeiaja5gfneyaumcdjal7rel6qi5hdikqcvcti46lr7cjy666m4ssc4
Monarx #641,Doom dome,Puddle suit,Oh i see,Mania,,ipfs://bafybeifhfvoyxml2sckx2vidl4kzcmtnjx6gbdkztmtfzjb4kko2laeb2u
Monarx #301,Jade thorns,Raven nest,Rose peach,Tranquility,,ipfs://bafybeiauo72lmu5eoowhl2vfphrnl3uw7jiz27vzjmparcytxn3nquu6w4
Monarx #422,Neon life giver,Rot suit,Visionary,Mt everest,,ipfs://bafybeibsfg2s3h3owhdzjrkyryha2buplyao4injmnvz7velank2b5h7fe
Monarx #602,Neon life giver,Golden tulip,Silver portal,Meat swamp,,ipfs://bafybeich733k4zxlkdcwiibmmux57kn6cmcxtreq54xvj5qitqiqkdm4mq
Monarx #94,Charcoal moth,The accountant,Venom kiss,Olive dream,,ipfs://bafybeibz72xfkcji5mmvhbvzwpio3jnd4aoyqmvbuduvubiyoda6owwb34
Monarx #374,Oval gems,The muddler,Marble whisper,Insanity,,ipfs://bafybeigowph3njvcbfx5sdaow4bnutlmhchx5pvntpycyjxdbjyxmmzmsi
Monarx #226,Dog feathers,The admiral,Crayon eater,Wishful thinking,,ipfs://bafybeihdchbdfuxvik5qpxcg25j5b4bguu6mwn55a6wbt36rkdehdogdhe
Monarx #164,Steel edge,Ribbon cloth_,Maroon portal,Devestation,,ipfs://bafybeihgvl6v47o375q6jadp5ze7i3qsxj5n7z3zelstukvs7s5j5xug6e
Monarx #306,Poseidon,Why so serious,Bird bomb,Paranoia,,ipfs://bafybeias5uiwmb7s3dzgr36m4i3gwktwpz3cgooxina5kar52fs6ilsdpy
Monarx #102,Three preists,Cotton collar,Suspicion,Tranquility,,ipfs://bafybeig4xsvx3drtbm4imrjfhpbd47ps7dxkwjdf4fwls4hxspxs2csb34
Monarx #222,Neon life giver,Flamingo abuse,Grim leaper,Scarlet,,ipfs://bafybeieu236bxucrhjnvlpezfnongojxv37as26qd6kcnaiplbs47c2fs4
Monarx #413,Melted raven,Captain rot,Portal melted,Blood spill,,ipfs://bafybeibfw3fxpnfehues2yged3wojn7wlc2p32gehpuup5otecrvcnwtbe
Monarx #520,Oval gems,Dead branches,Red wolf,Chaos overhead,,ipfs://bafybeidebm4rt5innq7j635xulbmr2nxga36ft2kojcut4psseie4aa6y4
Monarx #251,Oval gems,Aquatic majesty,Cream cheese jaw and bandages,Amazon,,ipfs://bafybeig5eebyamhxwqmgf3akillptqchrlrlktcpqvgagd4zvntgq7mkji
Monarx #608,Elders wisdom,Crimson collar,Fishy heart,Glacier,,ipfs://bafybeifzvbu5j2ijbcjp3na4wx2fegtfqi4opwxfubim7xntczkoovb7w4
Monarx #213,Rorschach,Satan leather,Fishy heart,Meatwad,,ipfs://bafybeigbr3vbp6uezb3i45qnl6zypzebugemmsutekugabejjrbmuuiuvy
Monarx #620,Coral lava,Mad king,Boy bander,Fractured mind,,ipfs://bafybeiclazp2mporhdljyfrm7tnntii2axns7lnvz5hzrbf26h4s5ppt3u
Monarx #464,Three peaks,Flamingo abuse,Mr robot,Surreal,,ipfs://bafybeie57vqibht2sfgfqtkehbkioiirg43boqfwtvq45s5dlz5i6zxfn4
Monarx #220,Tiny hope,Lava scum,Blood face,Avalanche,,ipfs://bafybeievbjwleh6ost6k6i4mwgrtrsipp5k464fvhv6ukixezlvbx3x2w4
Monarx #167,Golden chaos,Tornado,Rose peach,Delusion,,ipfs://bafybeigqefm2paq4ztze3qtxz6pf3cqj2cklc7gw4fpsanbruygy7db3f4
Monarx #551,Dancing crown,Majestic amber,The rock,Mind spill,,ipfs://bafybeiemrzkuspnhu6jshz6z2wmmzb3xs6agnwmsm5e32eyui5dshhabji
Monarx #582,Coral lava,Soldier trench coat,Three eyed ape,Tangerine,,ipfs://bafybeieynf6pshfc2hi4o6qu6wfnfchtnyzb6ipm5dgqbknlpamjfey23a
Monarx #473,Turquoise glee,Tar coat,Maroon portal,Devestation,,ipfs://bafybeifpjwwiwj5t6orhrzr36ruraqdlwn7oe3zjmabyat2plgmllmdxiu
Monarx #325,Moldy ancestors,Crimson collar,Flamingo,Abyss,,ipfs://bafybeiddwqgtmx3aszlxsd6fjy3l6kbbo6el37d6h3g7f3gquftq2rhygi
Monarx #594,Metal rhino,Men in black,Judgement,Fractured mind,,ipfs://bafybeifumi2izuizatgpw6sqlmoztsypfv6uomtzoyfjoiqltquzzkke7e
Monarx #158,Phantom mirage,Seashell robe,Spider face,Mirage,,ipfs://bafybeidl6poq266nt6fiag4iikqixgspyc6ikm67l7guij52ocd5me3ezm
Monarx #41,Elders wisdom,Red hood,Spider face,Despair,,ipfs://bafybeiemzyzjihzpzzebyfmsdmbhvru55wtcvbfcizodb7hv7rl2gotnua
Monarx #484,Cute crown,Oil spill,Blood face,Primal fear,,ipfs://bafybeib2u73xx2wps6hdtdfngasq2tyb2xyyteialbcyv4q6ob2piqqxaa
Monarx #418,Northern crown,Mad king,Portal melted,Surreal,,ipfs://bafybeiei47rwsjlzeuexm2mtyoddnqeyjemcsmf6wqhtqbwgoalzhcepka
Monarx #80,Emerald gaze,Aquatic majesty,Black portal,Jade cave,,ipfs://bafybeiaawi7by7ybhqy4zhlsrduhbuhc7akl6xzhmrmvsnwihg4w3z4xuu
Monarx #622,Crown of nothing,Satan leather,Loner baby,Darkness,,ipfs://bafybeiec2emecofymxfuzomq5ufjj5e5db5bnpggtgysnmdpkkfnr5n62i
Monarx #288,Diving gale,Soldier trench coat,The rock,Blood spill,,ipfs://bafybeibxs535mzjtso7ligktr46npn2jmoxxh7qmvvo3kzfhf4ckhzr7am
Monarx #118,Lambado,Red hood,Flower meadow,Chaos overhead,,ipfs://bafybeieme6ruhjclbifrvkoeij7p6mefna3xxmk3xxsybu3642chx44wfy
Monarx #351,Colleseum,Tornado,Bird bomb,Jade cave,,ipfs://bafybeibubw5etb6rwfvon7vkmmfawcgytf4jdn3ak2tv7jxsk2efod3rq4
Monarx #313,Rorschach,Ribbon cloth_,Rocky poet,Mt everest,,ipfs://bafybeiapza3zk5l6svo4png3wy6nexsohsqynyzfnxtkaugp3u3qushtta
Monarx #157,Dog feathers,Raven nest,Attitude,Blizzard,,ipfs://bafybeidwtuiw44xtwh2oji2shpnzae444fqxbprs3hcxnvw5jtn2ekutpi
Monarx #96,Mighty fall,Captain rot,Oil spill,Sandpaper,,ipfs://bafybeiefqkti4rlj5x5qjzg35jrzmcj6afa5iwgb4trtcgflwmhg2hflui
Monarx #323,Broken shoehorn,Flamingo abuse,Tiny head,Buried sand,,ipfs://bafybeih4num5ze7pthorynuie3knladcfyhdllonir5jswqasaibow7fke
Monarx #661,Dog feathers,Lava scum,Ukraine,Tranquility,,ipfs://bafybeighisdrfgqcpnz4qi6iaf6dn2gagyzhnevkottvnccwl44ufglpcu
Monarx #107,Silver drip,Uranus,Tiny head,Silence,,ipfs://bafybeicont7naaowiytdo43pdan5xojrdmeq5yssrhk6fid7wxcn5dpily
Monarx #223,Colleseum,Oil spill,Fishy heart,Confusion,,ipfs://bafybeidtolqs55tw7zrz5yh2ywzn4dnz2hqztetrfzgjt45w5ijxxc5eqi
Monarx #459,Emerald gaze,Color gentleman,Rocky poet,Sacrafice,,ipfs://bafybeic36yjkfio4fhnnchn4eu3rrvsgo6xitixgx5ycbjrfb5jelc2lia
Monarx #469,Northern lights,Red hood,Sunshine,Ash and stains,,ipfs://bafybeigq6gwvx2idkvd2v7effdaz6gjdj3tl3etw2gwhkplx6e3jsd2hbq
Monarx #613,Happy ogre,Raven nest,Boy bander,Nightfall,,ipfs://bafybeihlp7wbjqw63bg4n2neucpubxqdsmxzklh6mtjn733b72hzex2d6e
Monarx #499,Northern crown,Ribbon cloth_,Zero,Mirage,,ipfs://bafybeiblhbupglsctvitx5n7ehq3x7vrv6rwrpinekjm63ad56ky7xyt2u
Monarx #440,Melting throne,Salesman,Freezer,Chemical spill,,ipfs://bafybeifmy6ajztnul2w3gwf4tbq3amjnqwnl2yvfovnua7j25cdk3iyzry
Monarx #0,Dog feathers,Paper bag,Lava face,Mind break,,ipfs://bafybeicb2eo57v6236wgawrwxpeyc6rnkybbdvgcmtjyidjgyeahhm5vim
Monarx #1,Colleseum,Vivid luck,Sunshine,Rust,,ipfs://bafybeictmimycuuzr2hf2tsgwnc6qam65ppshyrdwahgoodkjj27cgeqcq
Monarx #38,Golden chaos,Vein milk,Clairvoyant,Midnight,,ipfs://bafybeig7z4ulfzq5ly4eypg42a3won7nm45qebhe7aggt3tp75bwpaawju
Monarx #350,Cursed gold,Naval blues,Butter drop,Mt everest,,ipfs://bafybeiddgf4vterctgmx5vges4n2vkvkrthqsvgfq7736535gqizuj7xve
Monarx #281,Northern crown,Seashell robe,Ukraine,Confusion,,ipfs://bafybeih3574igqpcgit4lfsbfxhuipfp3r7dic6red6b336m6qfmbyjm5q
Monarx #290,Charcoal moth,Graduation robes,Judgement,Chemical spill,,ipfs://bafybeiecjjomb6cc4xn37o6zijevydej6j6e6fstpfoxm76cdq2dpek2ui
Monarx #100,Rorschach,Graduation robes,Lava fountain,mantle,,ipfs://bafybeifrwumb3od6ro4t5poojhz4vk5zllnfwy7fdpovqxcnjsushrxivi
Monarx #555,Steel edge,The aristocrat,Intelligencia,Depression,,ipfs://bafybeibdm2sl62455jjumidh4uyvyhrvqgjjy4zsxck6ghy5ptiwxu63ja
Monarx #365,Cute crown,Tornado,Clairvoyant,Abyss,,ipfs://bafybeibczeyf5ndlogsmdgciiaj5zrr44teugew3iukk57tur7kbg4qxea
Monarx #495,Jagged cold,Roadkill sweater,Sleepy willow,Wishful thinking,,ipfs://bafybeiam6ftu2xzzadiqjogaq5tziyqgqqfx7zwvi2tgfn7ya4e4y7vtu4
Monarx #57,Rorschach,Salesman,Oh i see,Chemical spill,,ipfs://bafybeibbpbu6ifowu4gimm2mgn45voqhpcgz5s35uqeny4lovabmxwrky4
Monarx #238,Crown of nothing,Crime scene,Rocky poet,Olive dream,,ipfs://bafybeibaafgdpjqa4tzahl4xwhcj6ffueqsvxglxnct3mxo6gssu7u2gye
Monarx #109,Broken shoehorn,Flex ball,Suspicion,Avalanche,,ipfs://bafybeicx5577wvwhnuojbgposm7o6icwgvg4ig2jrxjjvw7hjy3wdykqk4
Monarx #503,Northern crown,Blood bath,Zero,Suspicion,,ipfs://bafybeibucih7b6w6fr4jm4nr4isz46ose7t5npttsp6flsth7bh6dwkvjq
Monarx #446,Three peaks,Burn survivor,Imoteh,Surreal,,ipfs://bafybeihat66suqmyvda5expb5ahflsc22cy2zqwlmzpdeit4bnaabcl7qy
Monarx #571,Feather crown,Cyclone,Cream cheese,Dark marble,,ipfs://bafybeida5ugvyrob5yg3bhhq26pkwicw3focaab7tgmmvx4ppawiexqf6y
Monarx #262,Jagged cold,Mad king,Tiny head,Blood bath,,ipfs://bafybeib5i2fq5d43fvinf556c4l23iqcnbvqlmbxxwzeqlxrrl3u76n5ne
Monarx #556,Northern crown,Color gentleman,Leather santa,Horizon,,ipfs://bafybeidjahpm4dvxn7rjt4ocg2idpoi7syievpngaqktik6u2fmt2sb3qu
Monarx #455,Pinser,Salesman,Amber sister i,Olive dream,,ipfs://bafybeiajghcvdylumkruarwka5bhm265z76ocree6pulf5rx6su6s4swse
Monarx #470,Oval gems,Train wreck,Flamingo,Nightfall,,ipfs://bafybeiewogliy47afzo6slyedcxhwtdhhlolz7hku2igysdvkwl7tnsuwu
Monarx #232,Emerald gaze,Oak frame,Lava portal,Amazon,,ipfs://bafybeid5fy4vftqdbyzsgukzlfsr7e3vyn6p2hhygmkk4npqdhryn6icum
Monarx #97,Dog feathers,The admiral,Mr robot,Shattered,,ipfs://bafybeiefeg2cq4gpmepqyzol5elki6khfhjgri7fqf6qpqgjbc76vtiofq
Monarx #12,Melted raven,Satan leather,Boy bander,Chemical spill,,ipfs://bafybeiar2kqya5zksmfqrkkkodvdhetjsx4i62xp5sz7lvddi2aod2ikpy
Monarx #472,Dancing crown,The admiral,Flower meadow,Arizona,,ipfs://bafybeigiqqvfjwi27d344xy5rhfkjffu4depeugdi7gi3onodhejoewqtu
Monarx #573,Three preists,Graduation robes,Moldy clown,Insomia,,ipfs://bafybeiatxlplsjbqhf67ox43vcdexx43raa6fzzoashucrb2sz3ugsegq4
Monarx #577,Elders wisdom,Oak frame,Sleepy willow,Horizon,,ipfs://bafybeiekss4f24f7lvw3z7lxmwmtwljzmlyxkudnginilhd2cpsveyojse
Monarx #29,Doom dome,Cotton collar,B orange,Olive dream,,ipfs://bafybeibqsmjxsujqc7maydsrnye5ttj5azn36b5ur6xxybn4qiyj6n3xna
Monarx #663,Crown of novice,Glitter boi,Moldy clown,Chaos overhead,,ipfs://bafybeib2sz7s5ilpfb6gjred6vptqd522b7i4fmjbznyu7dumjukxts2cy
Monarx #478,Rook,Animal tyrant,Tiny head,Blue forrest,,ipfs://bafybeiasrvhfdihj6gbxy4gkdgsrg4ysffy2tltzzqngndaxkhoddhjzyi
Monarx #163,Feather crown,Vivid luck,The grudge,Epiphany,,ipfs://bafybeiht7wpijlmuxbt5637riiuk3wm75li6fm2zjsnpzu2wjd2vobcghe
Monarx #406,Oval gems,Vivid luck,Meat head,Grandmaster,,ipfs://bafybeihi37xt3umuszlntoairewkh72t6w7ayn34gowlmkbdognbqumhoi
Monarx #468,Oval gems,Uranus,Eye of intelligencia,Sun ray,,ipfs://bafybeihvcb36moz3zbqxvbd3kjurwbrts2d4fseiby4s52m4ywqxkagope
Monarx #92,Tiny hope,Men in black,The rock,Despair,,ipfs://bafybeigcn5vnmxfobzn3vrdpgjxtfnwwh2uecwvyoqzd2ie3e3mognr7wu
Monarx #166,Rorschach,Burn survivor,Pixie cops,Ash and stains,,ipfs://bafybeigsadg2uvxm6ohgyvkulr3ioqstjhtpjd3qau5xcmmbkvbsy6zzzy
Monarx #2,Rorschach,Wolf man,Mona lisa,Mirage,,ipfs://bafybeibjqpsre2gkgkyvl4jrpxb36i4hanpy76idefzi7eplqb66cxryii
Monarx #200,Three preists,Graduation robes,Leather santa,Champion,,ipfs://bafybeifbkz5szkxalahgqdp6coq3ucwzsw3vkgmekhr3fbanocavcgpnwq
Monarx #178,Flaming raven,The aristocrat,Santa,Mind break,,ipfs://bafybeicusvwbuqohw4ukpkzabbq5pvr26ocondhxfq65zy4qwp2b4vpb2a
Monarx #54,Phantom mirage,Cotton collar,Shark fin,Clairvoyance,,ipfs://bafybeig2egi7vdgumjwrbhkacw6v2oo6bwphbdthmyhm7ahyvowipufg2u
Monarx #144,Poseidon,Train wreck,Red riding hood,Perserverance,,ipfs://bafybeie5hoflkajh7fhxc5tftk2nz54tbzuc4rxjjwbob4ninqvwn4wixa
Monarx #317,Charcoal moth,Grand admiral,Mr robot,Sun ray,,ipfs://bafybeidbmrgjh3gdtnoguz5xktaxfw3xlrzukjq7xvcz7gmityifrg3eei
Monarx #171,Mighty fall,Aquatic majesty,Planet implosion,Perserverance,,ipfs://bafybeif2wrjkwztpyjoi5wsn32cjhf7lssgwzj4koanpqymgwum7taftca
Monarx #477,Dog feathers,The atlantic,Spider face,Grandmaster,,ipfs://bafybeick4x6eyez3ynzkgj4ahs2z6z566fmvfhiq7ym5jrfkfqhfn72ona
Monarx #420,Rorschach,The aristocrat,Homeless crown,Charcoal mine,,ipfs://bafybeihpb4c5lmp4v7ezofvmsh54gq42jypa7uum43l5ylnhkyuy3jtqka
Monarx #105,Jagged cold,Red hood,Red wolf,Depression,,ipfs://bafybeicquyrzyt5qzykpvxqpwbhrmln5ukx2d3y7smkooqgspvc4ppyapy
Monarx #20,Flower patch,The atlantic,Lava face,Mania,,ipfs://bafybeifo5unjdufytdr454dhwpb7lrl6dx4hpiaunfnzfvjs4szigjdxnu
Monarx #225,Doom dome,Emerald trench coat,Xenomorph,Midnight,,ipfs://bafybeidykxgbnl6etokj5vtwhe42o4ozhlt5rugkaqtvf34buhb2meb2my
Monarx #414,Coral lava,Crime scene,Meteor head,Arabia,,ipfs://bafybeifusb3btl7r6s2pjycabnzx3qllaao62kl54ccxctfdoqsi34zzk4
Monarx #326,Jade pickle,Why so serious,Comet,Depression,,ipfs://bafybeihrvmtibczzej6kmtlhn3kufevmq5m6ukkwmonkx6elhyd22kb4da
Monarx #261,Dancing crown,The atlantic,Spider face,Insomia,,ipfs://bafybeiclazti4ayoxfusyot74onkyjmdpy7nwpusvudm2evvrpglv6lru4
Monarx #519,Jagged cold,Tornado,Sleepy willow,Mind spill,,ipfs://bafybeifctbn225iudbi4csiak46m7odbvcmvnudkp2g4g6nvctiwx5gbvq
Monarx #382,Atlantis fire,Soldier trench coat,Comet,Grandmaster,,ipfs://bafybeiahzknlej7tjke7xckplcba7sg5mnsyaaxwgfojpxiwfum4z7upey
Monarx #205,Mighty fall,Men in black,Comet Jaw,Depression,,ipfs://bafybeidsxnjsmfq5niuli3xdgaxkx4m5ksbi5tt4qiye2o3kbepieybmuu
Monarx #50,Melting throne,Animal tyrant,Intelligencia,Arabia,,ipfs://bafybeie3w3ckruwrhhsvnvitdukpiz4poxkugj55qedrgazv3v3r3xbfku
Monarx #490,Dancing crown,Emerald trench coat,Mr robot,Darkness,,ipfs://bafybeibum6z454pxra2tpfff5rhannnyuzepotkdhqlp6lqq6kluwna5c4
Monarx #6,Frosty sunshine,Glitter boi,Silver portal,Inception,,ipfs://bafybeihzcq6yoxbt676kotpqalkkvvtqiaryx34zeeki5ohh3xc77vbbcm
Monarx #180,Rook,Vivid luck,Sunshine,Wishful thinking,,ipfs://bafybeibmjg46c7xipiygsr2totytnpbwdg7j4ioi5lpjrzfmucvucsbtb4
Monarx #214,Rorschach,Men in black,Marble whisper,Solitude,,ipfs://bafybeiet5le254i4lgbry5r44puf2kjnoryjmye4jvcsada2fqj73mqerm
Monarx #235,Flaming raven,Blood bath,Visionary,Crimson river,,ipfs://bafybeidpfrv5xcsb423shwn4uksuxsrl3thdib7iisys4ftkat7cywqsiu
Monarx #302,Frosty sunshine,Cotton collar,The rock,Depression,,ipfs://bafybeiftlttw3knuf4xjfffjru5cnvqkbitzih2eegm2pmftilr7mglrfi
Monarx #70,Three preists,Salesman,Lava portal,Sun ray,,ipfs://bafybeidncusktjhilp2xh5kd7zeld3bmz544wsn2rcmbdrrl77zklf5vou
Monarx #638,Lambado,The aristocrat,Grandpa portal,Arizona,,ipfs://bafybeiaeaehkhl3dlqz6w6c6zyoprkiglz7wj43fpbjlzbyb4shgpl246i
Monarx #36,Dog feathers,Salesman,Chin boot,Sandpaper,,ipfs://bafybeibsbs65i6q7hosxjf2g6rvindgnknopwsvzybygsp5pbsnd7uxqvu
Monarx #453,Jade pickle,Cotton collar,Meteor head,Memory,,ipfs://bafybeihijxnyxguidozhp6fsixvdom6p65iuw5x3f5hemqxrd5vgxk6a4i
Monarx #643,Elders wisdom,Mad king,Venom kiss,Mirage,,ipfs://bafybeieclxlqwmtkdpnbppyisgseeyb3mjkwgc2twkd2dedtklfm3zo6yq
Monarx #650,Crown of nothing,Emerald glare,Purple haze,Glacier,,ipfs://bafybeihd4jyqunakd4gwha7rvqsdyov57shlwdqon4vnx6xdixqebng65m
Monarx #558,Silver drip,Why so serious,Blood face,Mind break,,ipfs://bafybeiey7w4l2cokeelmdejmojasv5kdgorkkjznwn3eifwvjgmi3sg3pe
Monarx #285,Crown of nothing,Vein milk,Grandpa portal,Where am i,,ipfs://bafybeihcndtgx6utrksvqritsdvvduf6jrr7eh5xfzjthokeiqgmdqujim
Monarx #175,Silver drip,Vivid luck,Spider face,Desperation,,ipfs://bafybeifbh4wtjrmrkqsqvpbz52ss66brloo5nzfepugk7xnt4wbabbt4ji
Monarx #39,Rook,Glitter boi,Mo,Silence,,ipfs://bafybeieu3jzlfpluhkhrh4kj4wwfhfumg2wn4dclchjnjzcpgbxkjm63x4
Monarx #546,Coral lava,Oak frame,Oil spill,Sacrafice,,ipfs://bafybeiejzeeu6gqgkgrcefeot74nhbfhft4iewvhtg7dbpp7fzglzn62du
Monarx #283,Northern lights,Emerald trench coat,Homeless crown,Mirage,,ipfs://bafybeibbl2ovd2fagtepcekh5f4ozgry3prxe2xn6kn3kcchcr2nebqrk4
Monarx #517,Cursed gold,Wolf man,Worms,Dark marble,,ipfs://bafybeie6xzszo6yritqepvmr5gbai2raayjwifqkpns675mxavwjj7igby
Monarx #195,Phantom mirage,Blood bath,Shark fin,Sacrafice,,ipfs://bafybeieolirfcjsnxwd2nsds773nug3w5oivqo6u3ghosifnogqnwp7l5i
Monarx #610,Jade pickle,Graduation robes,Burning gold sensation,Confusion,,ipfs://bafybeigchv7o275fxd4ya24rxlcataolc6ozwknnua6ncqhuvoal4ovx2m
Monarx #433,Feather crown,Oak frame,Chin boot,Silence,,ipfs://bafybeigkneddyzq53wuwt74so3dx2ji3f7noft2tt4csvlzqmpxmrv2wge
Monarx #211,Cursed gold,Superman,Zero,Grandmaster,,ipfs://bafybeiborynxnxi6krlrbqsse73foft2d5xav3t3kxcflntelmq7jigtme
Monarx #53,Melting throne,Aquatic majesty,Bowl stack,Darkness,,ipfs://bafybeibivq5hoyyxu7l44ac6a5diu2gztysxms3dyipqdhrnixaoohsmu4
Monarx #372,Flower patch,Animal tyrant,Sunflower,Sun ray,,ipfs://bafybeidpi2elqjegi7u7444z23libv7aw5imzvytskhsijzokuklmgfiuq
Monarx #618,Flaming raven,Autumn hail,Lava face,Shattered,,ipfs://bafybeiczoecbkja65jukyignyseaynnmkwiytegqbossmcu6b4lz7xdlq4
Monarx #572,Colleseum,The accountant,Imoteh,Nightfall,,ipfs://bafybeiebytlotk4mi2kb6rb7siua6iskrqopn2vm5uxu4r2fbwc2tayc3q
Monarx #509,Cursed gold,Animal tyrant,Hangover,Haze,,ipfs://bafybeiaymrejggrenntltmcg4ra2cvwnbumyrzafrccq3zy7tkfjemcapa
Monarx #340,Poseidon,Graduation robes,Chin boot,Midnight,,ipfs://bafybeihpq2mxamadougyfda3cgbpf6ly5hta76vle64fzbelgxgt6fs5lm
Monarx #30,Steel edge,Graduation robes,Silver portal,Mania,,ipfs://bafybeidbfns6txwkolxbyyy24uqf7wbz3q53kn2oilo4ydgq5iwdstimzq
Monarx #101,Moldy ancestors,Aquatic majesty,Meat head,Perserverance,,ipfs://bafybeiaxjc6j7v3yniagvqglggb6dp4z42a2zdqtejo54jjlmjdk775raa
Monarx #379,Colleseum,Monk shreds,Imoteh,Blue forrest,,ipfs://bafybeibqg7g4u6jkutow6fxrhhzsdot3jzjgcwarp4x7mjsiomhookrjby
Monarx #189,Cute crown,Soldier trench coat,Portal melted,Desperation,,ipfs://bafybeieojnhuxmu5pfvqm2elgd4pcofqhpahaiouttukxiqf6hb7makzm4
Monarx #192,Neon life giver,Puddle suit,Meteor head,Forrest Fire,,ipfs://bafybeih3gtarb5eck5mpx6nvwjaerttcgzu6xhb5v4veojshtxjzipjkji
Monarx #609,Glass chalk,Grand admiral,Mr robot,Burgandy vision,,ipfs://bafybeibfjpljsysvuilrze7hskcr54kgegxjo7dyekoeggfisuce4apm5a
Monarx #61,Diving gale,Emerald trench coat,Sleepy willow,Abandoned,,ipfs://bafybeicvawl6rjugec5rfwtk5qcgbfc36cf3zgg5r2wooapih7hopgswvq
Monarx #168,Feather crown,Emerald glare,Purple haze,Mt everest,,ipfs://bafybeigylb4tzwhzpgj77u2baqyaamk7fqtf4b62aqvkmdcmw67pim5cpu
Monarx #207,Flower patch,Tornado,Sleepy willow,Paranoia,,ipfs://bafybeie6dasyynp3o2o6xmxu5k6yj3fapmgyn2rlevz43xdsjlmnwwp45i
Monarx #83,Rorschach,Mad king,Three eyed ape,Blue forrest,,ipfs://bafybeiacqggygvu6e3ucbefgp7y6zpdmzcxr7be5ilwjpjj3njzymgs6vy
Monarx #530,Doom dome,Lava scum,Rocky poet,Buried sand,,ipfs://bafybeiflmozmwmxoyqvbibx5iooxlw4qyzppqv546t5mvxrercqbxlmnya
Monarx #353,Cursed gold,Modest monarch,Lava fountain,Horizon,,ipfs://bafybeiecycf7kznccgmz5zrrbsihe4ljqbgqfbafusl3kde6evjocd57wu
Monarx #368,Cursed gold,Monk shreds,Pig demon,Olive dream,,ipfs://bafybeihmjnor4mqbmxxtvux5alo4tvyhcxfngxegk3tz4dmspdr2he27qi
Monarx #493,Jagged cold,The atlantic,Judgement,Blue forrest,,ipfs://bafybeibtqowbsj4r3hctp5parfbugon4onisbghpnsh53ridahqdjft7km
Monarx #104,Three peaks,Cotton collar,Undercover alien,Insomia,,ipfs://bafybeiggooqochsa23mdixkfo264grys476kontkevex2wh55svbnqjvme
Monarx #385,Lambado,Cotton collar,Lava fountain,Mirage,,ipfs://bafybeiehgbzlwpghdnxf3dw265bi66h5jlhrjd2ts2mjf3i7xsbt5hcrym
Monarx #135,Golden circle,Men in black,Mona lisa,Nightfall,,ipfs://bafybeigiqxr2gg2s7zfgjlwgdeodpbjz5ezudi4pwqqvkqk2opigeowmbq
Monarx #172,Metal rhino,Uranus,Lava portal,Inception,,ipfs://bafybeihss5ytuwak45p23ql66mrndhmyc2dgrw7fwqvymkpoeqyapi7a7a
Monarx #266,Flaming raven,Emerald trench coat,Flower meadow,Adobe,,ipfs://bafybeig3lbngvahyfnczui4fconfve3fkn6fgxv3ogoknzikm5yhdzgbty
Monarx #42,Doom dome,Blood bath,Oh i see,Blue forrest,,ipfs://bafybeidjbajciorhfwsyuyjepvbupdzbkt6ouiezgnb7khdrpdrqspmcmy
Monarx #381,Happy ogre,Uranus,Sunshine,Dark marble,,ipfs://bafybeib57dswcg6aattp45tc4zwqgd7i5f5nocwxe6ar3ks2obfkpf2gjy
Monarx #371,Icicle crown,Color gentleman,Grandpa portal,Mania,,ipfs://bafybeifjuwjssovgizx6numrpfrfdpkrdalyjnffgyimwr3mzjsogtm2vy
Monarx #522,Pinser,Tar coat,Happy face,Chaos overhead,,ipfs://bafybeieaqzomm7g2pv34o7eybyotaud6o3r5zk4hpg3c7femyyu6pafq2m
Monarx #656,Dancing crown,Raven nest,Meteor head,Doubt,,ipfs://bafybeibr7j5gt5xislqfmpmfcbvhchcycnd3cpef7guskrsbkojdl7vivm
Monarx #299,Broken shoehorn,Oil spill,Grandpa portal,Insanity,,ipfs://bafybeichsttkoljf4un2pblj72mop34ioatwkkyd7vctoutkf5uufgddxe
Monarx #103,Pinser,Fox skin,Fishy heart,Perserverance,,ipfs://bafybeicp4ziiion2lyscfb4c47dz4z2hmqomevr7ayxvbaoauf4kaysizy
Monarx #505,Neon life giver,Salesman,Attitude,Emerald,,ipfs://bafybeienlmbgxjrcaz42ncygcdh2qtk4ih64a4hpxrq34u6tbkom4y4te4
Monarx #664,Tiny hope,Majestic amber,The grudge,Jade cave,,ipfs://bafybeigk6gsjq7d4sbxqs4dl274fxheisnwaw6gwbnrrttzgswulcmhm3e
Monarx #138,Oval gems,Mad king,Hangover,Champion,,ipfs://bafybeiexvalim7txhbnninx4xqhts23fxzanngujavbhcbvmdywmwtq5wm
Monarx #63,Frosty sunshine,Soldier trench coat,Santa,Dark marble,,ipfs://bafybeiao2ehs7sl76nux57hpb37q2kcff2uhbfvxaxnzzindmca6brbi4e
Monarx #619,Melting throne,Earthly camoflauge,Mona lisa,Wishful thinking,,ipfs://bafybeiddddhxtm73bqrqmwya47o4gc5z45zvrmznbbmetuy5b7scdl4npi
Monarx #463,Flaming raven,Paper bag,Grinning lamb,Glacier,,ipfs://bafybeifyiu5nde2bck2vn2clj6ekonbjbv6mb3odhluilmuwdtlkok24ce
Monarx #376,Emerald gaze,Glitter boi,Socratasha,Amazon,,ipfs://bafybeiaqgnl2y7wyyqujyqchy54m43q5uthmx6bmh5icgox22y5t73vnsu
Monarx #596,Mighty fall,Oak frame,Lava portal,Dark marble,,ipfs://bafybeigyoq5gkrkhhdnhqh64mvpggwhhkjnwpmjscso6afjw5c6rhbchmy
Monarx #76,Brass club,Itunes,Lava face,Inception,,ipfs://bafybeibhksrpuolg3opatdkzhowebp6jcfztmykogcplzxkrajys6t5xuu
Monarx #460,Atlantis fire,The atlantic,Blood face,Glacier,,ipfs://bafybeidshz6cu4igsjrwimuj35ehue47xwygcn4hvrk6vl6mj7fzcbp4ne
Monarx #648,Crown of nothing,Captain rot,Grandpa portal,Burgandy vision,,ipfs://bafybeifqazzr3epbtu4riz4nz4xwxpz34ex5dscgnf5bsv5gokexmb25de
Monarx #367,Brass club,Raven nest,Doom guy,Fractured mind,,ipfs://bafybeico5cmvowepl6ldpudr7dpvppk2b76oww7hexkedr63z6o2wfcvoi
Monarx #215,Emerald gaze,Salesman,Mr robot,Seizure,,ipfs://bafybeiccbqbfjuioqee4rta555gt6c6d3dkdhixbpwycoaqfvgzyo3dmei
Monarx #314,Doom dome,Puddle suit,Lava fountain,Arizona,,ipfs://bafybeieswglp6khlx5n5inenvly5n72esnserwlubucm2e5sfndl7ugply
Monarx #147,Silver drip,Monk shreds,Mr robot,Wishful thinking,,ipfs://bafybeiasqz3ill5jcnjbkkki3srjfzqcmb7zv4rx6acr2343phdqorgizi
Monarx #271,Flower patch,Tornado,Mr robot,Mind break,,ipfs://bafybeidvo3cr453hnqeacainro6emrbsuabonsykzkb2o45ywv2uopqhva
Monarx #437,Melting throne,Seashell robe,Black portal,Paint it red,,ipfs://bafybeiepgxzwb5tmy7apej2a3eiajbugzf3srspgsf2q3zfz2hc5iivroi
Monarx #233,Elders wisdom,Tornado,Happy face,Sandpaper,,ipfs://bafybeihzqm4yzqp5h26yga4arcb7yvfo5sxdhh2t7rkgs2tuikyzqy72j4
Monarx #591,Neon life giver,Flex ball,Xenomorph,Am i dead,,ipfs://bafybeibgdlekexsjsext4s7exsabjlyclun32jt3vu5d333pqzaqt3s2nq
Monarx #646,Icicle crown,Flex ball,Freezer,Perserverance,,ipfs://bafybeihlirqtfyreml2oycrruqzbhpu7cuc47336p6xcls7irscvxzjd3i
Monarx #143,Feather crown,Train wreck,Blind eyes,Scarlet,,ipfs://bafybeigakwklnegsmx4gdixpeta77akvmlohs6cso5uqq354ynxgc6shme
Monarx #127,Golden chaos,Tar coat,Imoteh,Insomia,,ipfs://bafybeid2ygltwlkz4m7hqsglf7xhsubaws3idmbtiwg2fu4na3vzofb6b4
Monarx #611,Rorschach,Men in black,Xenomorph,Fractured mind,,ipfs://bafybeif2cqd3hzfkjgxlcs3cjwngnqn5r6gqmpzxw5kbdktsuhpec2eway
Monarx #370,Northern crown,Burn survivor,Comet,Suspicion,,ipfs://bafybeiefmsddajfciya33bbyf6gwqluybuh6q4kltbtne3ylydhwkpmvce
Monarx #89,Dancing crown,Itunes,Blood face,Charcoal mine,,ipfs://bafybeib5k2kpo5fjzzbktjnqdj7jtx43osq3jct2ucjtuko3dm27h5va2q
Monarx #545,Crown of nothing,Itunes,Eye of intelligencia,Arizona,,ipfs://bafybeie55kqe3sb7fagwf24doyvuuhhtjz63fmd5y4a55i4azkf5yz3zd4
Monarx #124,Northern lights,The atlantic,Judgement,Dark marble,,ipfs://bafybeie73xrfxxcktk26cjyncfy55bkvc55wkjppsdujnz2gingybldcki
Monarx #161,Neon life giver,The aristocrat,Doom guy,Amazon,,ipfs://bafybeifmtxx3ejefsyuquvfcphzc2orvewike7lbznaw3mmx4pt22fqlbe
Monarx #308,Neon life giver,Flex ball,Suspicion,Damascus steel,,ipfs://bafybeicqqhgcpw3mtspruuib63w7rw4lbcrhmsxwgxveli34ex5ezkvkwe
Monarx #194,Glass chalk,Burn survivor,Sunshine,Mt everest,,ipfs://bafybeig6g2cpumu4fmvdenumpxulovc332ot3u7zbseg23rkregjep6md4
Monarx #356,Emerald gaze,Uranus,Blood face,Desperation,,ipfs://bafybeicbmq6jdftnnnfuhiepxwwwlvjwffnnnnlyrt7iltdiqnhyqewxlq
Monarx #132,Northern lights,The accountant,Neptune,Glacier,,ipfs://bafybeifjtmizxv4lexobfgr22dtm734yvdspujkzbntlfqbaltbyylmw6m
Monarx #331,Lambado,Graduation robes,Neptune,Abyss,,ipfs://bafybeigdgezghnm7veuwzaw3x4krcaelqgge72tuldxvhneiequfmemnhu
Monarx #388,Melted raven,Oil spill,Fishy heart,Tranquility,,ipfs://bafybeiemnfdddt4wwn72pximva3zae6gw3ldzpo2csv5moblxbtyh5rblu
Monarx #263,Coral lava,Soldier trench coat,Moldy clown,Meatwad,,ipfs://bafybeid4ln5c4we2odya7c475yjy5josfgn7vk42kl7or6jnsycxpzngem
Monarx #185,Mighty fall,Grand admiral,Shark fin,Paint it red,,ipfs://bafybeih5ywvshdjmmfs2rh7guet6adeyla5avj5xzllcwicow4uodrbviy
Monarx #575,Poseidon,Red hood,Hangover,Depression,,ipfs://bafybeiegfz5d32sepk6jume37pudf2ygix23zhnx54wsoik5zj722mzy4q
Monarx #24,Tiny hope,Monk shreds,Meteor head,Arizona,,ipfs://bafybeigf2uja34ygjxqm5urmrvmybtwvpfjjxlih4ecs7ue35ujafs447i
Monarx #507,Broken shoehorn,Raven nest,Leather dome,Buried sand,,ipfs://bafybeibildhclp6qerhjlomk4kviqtfqfr3pb7wotmpaqoej6jg3o37jwi
Monarx #658,Lambado,Raven nest,Sunflower,Yogurt,,ipfs://bafybeiftffvuofxkgmv7l6ldxmx65nt2unkgxrh52asarsi5hvuc7hd3vq
Monarx #568,Fish bones,Uranus,Shark fin,Charcoal mine,,ipfs://bafybeigtjm4c3umxvnxjltputjnodftllcx7udnjvwpvwuci323ougchum
Monarx #416,Flaming raven,Golden tulip,Clairvoyant,Dark marble,,ipfs://bafybeifj77nmqfsjbs5wnbvv2xpqakuhupusaxsaoe6cghaoayr6yeklze
Monarx #435,Broken shoehorn,Glitter boi,Silver portal,Destiny,,ipfs://bafybeicrpbhbh7w3k6jvqhgvcp4tyg6miplyvjgysklaliv6vugamxxxde
Monarx #349,Crown of nothing,Majestic amber,Marble whisper,Blood spill,,ipfs://bafybeidqppamh3q67gqg5hxjph6255lttzn7xkn5jsugoqfpl56wzfa76y
Monarx #400,Golden chaos,Salesman,Neptune,Primal fear,,ipfs://bafybeicyvw4jcepssctmhog7ozkrvjtvanaqu3dtvzssu4d5j42sd7fgn4
Monarx #243,Colleseum,Captain rot,Doom guy,Perserverance,,ipfs://bafybeid5la3jjhlj7k6ytagtw35njdoxsoo4nh6hnhsc2p3e6zaiusflre
Monarx #625,Melting throne,Satan leather,Spider face,Insanity,,ipfs://bafybeidgch5mjziwyxjp2loe57cntnbjeoratdy3zhlfudmehfgpoqfu44
Monarx #500,Oval gems,Oil spill,Flower meadow,Crimson river,,ipfs://bafybeicczztwuizgo3dodtyg3qvvubselpaovg5g7ypr4siecnnpga7pc4
Monarx #139,Jagged cold,Mad king,Crimson jason,Perserverance,,ipfs://bafybeibysotwvzaxa4t6i36llh3fz4omniznluivseckwdydmptyer6urq
Monarx #442,Oval gems,Blood bath,Hangover,Glacier,,ipfs://bafybeihyv5ve3qg4u57es2gljmbj4sj4aiavrkdmjn4eqt5xu33hjuyagq
Monarx #79,Cursed gold,Red hood,Grinning lamb,Suspicion,,ipfs://bafybeifswocavexxoiclpqmhk327himsijonwm7ohgax7gb7txpkukpdei
Monarx #532,Moldy ancestors,Itunes,Lava portal,Insanity,,ipfs://bafybeic53cjsbfym252lv5vvwhqlsjo6rtejdz5tnuonmocxwxaclx6mty
Monarx #316,Diving gale,Itunes,Sleepy willow,Seizure,,ipfs://bafybeienshjqzpdrysjjsp2bj6nnftpkb2atptilm65vunqg5luqkqn65a
Monarx #491,Three peaks,Monk shreds,Flower meadow,Dark marble,,ipfs://bafybeicallgehxrurrzzsnj6fjazypuno2xmzsdwt23v7mwzpiyhfd2af4
Monarx #241,Northern crown,Raven nest,Portal melted,Horizon,,ipfs://bafybeifk3g7mwc3otysxut27gsnquektpddodgw3vezrrvdfx5jxbhkewe
Monarx #635,Doom dome,Quarter pounder,Ukraine,Perserverance,,ipfs://bafybeifddldwr5r3pchhwsihl2eltoeq5lg7wvwhkaqtmx4hcyy2ldxhpm
Monarx #169,Glass chalk,Flex ball,Cranium oak,Glacier,,ipfs://bafybeidbgzkcayjazdufjxkc2hf6wlh6y5e3fcotfntv3ghnkqeajqilye
Monarx #448,Northern lights,Burn survivor,Mr robot,Doubt,,ipfs://bafybeiabvmtpoonseorhagmr37iwsjfqklsfs6x54n4xwt5zys7axq437i
Monarx #603,Metal rhino,Burn survivor,Shark fin,Despair,,ipfs://bafybeib7v7dplop6g5fiq5cu7idw5q464klz3ckjctixzwwysk2pfia54i
Monarx #183,Pinser,The accountant,Flower meadow,Darkness,,ipfs://bafybeicczhgfj5gdya7rfmhklucwlap2uckeqdknwa4xz2hockgeownmhi
Monarx #62,Poseidon,Men in black,Comet,Champion,,ipfs://bafybeifchamdnrr3p6ouqtzgx7lylw6duyolncxsodstchro6nndl657nm
Monarx #402,Melted raven,Graduation robes,Leather santa,Throne modified,,ipfs://bafybeig5ebmmdn3wb5dafx4r6ijfrmsylbvc3vc4sy3ccs6ncdrc7rxeu4
Monarx #426,Coral lava,Raven nest,Take over,Ash and stains,,ipfs://bafybeibd3usxwplulshglukh6apoggltrctlqrgtt36fdo5ylgb7lzrrji
Monarx #405,Silver drip,Soldier trench coat,Spider face,Suspicion,,ipfs://bafybeieagatlakouheoswpfx2frsoyxf4p5ffdbve2ybtssa4u2sb4sxwm
Monarx #133,Mighty fall,Majestic amber,Lava face,Rust,,ipfs://bafybeiacbrupemezfyo5ommmqhgjddxswykeqrm22psepazgd3hk7jwqxi
Monarx #81,Melted raven,Men in black,Planet implosion,Crimson river,,ipfs://bafybeicisvx2pmt32mkp7p7t7aiqrkfauywgtttaskyotebycxistwmhjq
Monarx #71,Northern crown,Emerald trench coat,Sleepy willow,Crimson river,,ipfs://bafybeiaikxib4ydpn4ylvwp5k6vz6h3ommuby7g6iempuc4rfd4rnsl3dq
Monarx #230,Frosty sunshine,Raven nest,Xenomorph,Depression,,ipfs://bafybeictrkekkjupbgacnkniemj4u7nx74o2d2jzgh7qkn6are5h7qosim
Monarx #112,Colleseum,Soldier trench coat,Clairvoyant,Scarlet,,ipfs://bafybeifmzmh7drvlilhm5rhe4c32gz2lfaxdwfpywwtknomjkc5r3kylby
Monarx #304,Melting throne,Seashell robe,Shark fin,Chemical spill,,ipfs://bafybeihmuu637xqrufvw4hlb2mnnizcsfvmhfnapavhuw3mbwbnhhuuswm
Monarx #357,Fish bones,Soldier trench coat,Grandpa portal,Amazon,,ipfs://bafybeiaomhe7r5egh6aahz4dlzjzu3jvzwdmyvqk5te47qqw4orjomhvsa
Monarx #604,Coral lava,Itunes,Judgement,Insomia,,ipfs://bafybeiap22l5lousq22wdtjt2n7bjfa7azuasnnreez37pb7fyoyingyne
Monarx #550,Colleseum,Vivid luck,Grandpa portal,Sun ray,,ipfs://bafybeifc6kvlvkneusgugkspazqqylqpcq76hl5a6bqqo5c5wmq7tforpa
Monarx #394,Poseidon,Soldier trench coat,Mona lisa,Where am i,,ipfs://bafybeiabb2e3icw5zvurd72gpsskhuixnfg6kix254yewmiv4uiakkilca
Monarx #142,Crown of nothing,Mad king,Judgement,Nightfall,,ipfs://bafybeih4x7vnv5lc24xcpmruxc6tuyievk73wonrz6p5n2dztdayteeke4
Monarx #612,Melting throne,Grand admiral,Pig demon,Devestation,,ipfs://bafybeidwn72p6p6gg6vgnb5zdvz2z3jxsnkgii5yx5rj35l5edvp4f4zvm
Monarx #88,Brass club,Uranus,Shark fin,Memory,,ipfs://bafybeien3jsxfonabrcix5d2e37hlco5swjuifu2fcahkzk3c62mcx55ae
Monarx #244,Neon life giver,Lava scum,Lava fountain,Darkness,,ipfs://bafybeibiwlhclkejoqc27hoquxbob3r33gjpor32g3q2qszuwvhxytyfja
Monarx #637,Crown of nothing,Cotton collar,Bird bomb,Despair,,ipfs://bafybeihqeirlcau67pqdi75dpebwuw65itgq2xalz7tnbizuqghtec7fy4
Monarx #549,Northern lights,Raven nest,Grinning lamb,Tranquility,,ipfs://bafybeiegxkk2vpf52jnkrqxpuqri6oufflahv7jt2vu53t7uu6t4mihxdu
Monarx #229,Melted raven,Grand admiral,Black portal,Buried sand,,ipfs://bafybeic2nqsc6fgsx7xpqwiril74rvnxyhco3q64vijwmz72ocldkzzyyy
Monarx #148,Happy ogre,Flex ball,Portal madness,Sacrafice,,ipfs://bafybeif66l6ti2boxv2u2uf23rixeycbjqksmuofqorsglp3m24ebnfy2u
Monarx #462,Melted raven,Color gentleman,Black portal,Sandpaper,,ipfs://bafybeieaqx2cz7lndi3uhz242lp5z4vjd2mxikesvcjj2jtacy5cex2oqa
Monarx #515,Diving gale,Aquatic majesty,Meteor head,Wishful thinking,,ipfs://bafybeigp3phn7va3odlw7tqpwwqmyfetxjr5sm6jqqx6ei2pt4fymsggby
Monarx #60,Neon life giver,Wolf man,Oil spill,Abyss,,ipfs://bafybeidqc5vztymb4f6gu5ahltzc4bnkljdpki64qfoqk4oxcjv2hmvoia
Monarx #494,Coral lava,Raven nest,Visionary,Jade cave,,ipfs://bafybeib3lg7j3f2vc32vkx3zrhcm7ilncridqt5ui5jrg5cow2qbtwlrne
Monarx #360,Oval gems,Seashell robe,Meat head,Perserverance,,ipfs://bafybeiaknaj75ucg2a2ukvivxvkml6udvkumibbfczjwdoz377mtsz5up4
Monarx #74,Neon life giver,Superman,Oil spill,Devestation,,ipfs://bafybeifuudtwxaqhg6yn44ttcu7iwiqdwsgqosj272wjdcvmqgsephfyne
Monarx #452,Melted raven,Men in black,Attitude,Am i dead,,ipfs://bafybeiflfo44xrgghma4i6qxwfbg7d2yi4lhfdlmpujpv43rgz75kzsehy
Monarx #254,Golden chaos,Burn survivor,Witness protection,Amazon,,ipfs://bafybeid4ztkgzhv7bjjudzwex7y6glcvrshvh5lksd7liaaqtyrv2eajgm
Monarx #355,Cursed gold,Dead branches,Leather santa,Desperation,,ipfs://bafybeic42l64n4pt6o4ti3lqa6hrcowvbzxdsxo6u2bogxjvfs42xs2a6q
Monarx #393,Melted raven,Autumn hail,Lava portal,Insanity,,ipfs://bafybeiejwdewdbjhyy7bn4udumybzbpyfhetnanwdjqkko7yg3pycczn7q
Monarx #654,Doom dome,Tar coat,Blood face,Blue forrest,,ipfs://bafybeihqtn42h3mrnjmc6aihuyqvv5sus6cbsehtktmkuqv24ql4gu5l24
Monarx #170,Brass club,The aristocrat,Meteor head,Depression,,ipfs://bafybeifbox6webybcuh2dfok343w4qhl2mj655uzbrw444kwf7jl6ovlb4
Monarx #346,Flaming raven,Flex ball,Zero,Buried sand,,ipfs://bafybeigpdatczfvvmqfzp4atskabulkzvgnce3secpzxhch24e72zazhcu
Monarx #624,Poseidon,Uranus,Happy face,Acceptance,,ipfs://bafybeia46jtcz2zh4jpqobqeti37u4g7oinz4xa2eidplcxkmxzqsvxvke
Monarx #99,Feather crown,The muddler,Suspicion,Destiny,,ipfs://bafybeics5tdz6huypbfkrsmvkfdluun4a3ayts6nmlhlc4x6byhzewa2lm
Monarx #203,Elders wisdom,Men in black,Oil spill,Blue forrest,,ipfs://bafybeic4evqqijg2u54emrzisyrubjydmtzsuudlcc74inoo2rdxx5bzvu
Monarx #137,Golden chaos,Soldier trench coat,Ukraine,Rust,,ipfs://bafybeido76m6ftuzzus76q5daf3v57uwktsyn6rx6ueea4kgmrvs4znx74
Monarx #363,Three peaks,Vivid luck,Sleepy willow,Primal fear,,ipfs://bafybeigl7jda2jg5lyozjeijl2pvhfmp7ilwbozdotdxflbg3zqj4ydagi
Monarx #256,Crown of nothing,Glitter boi,Oil spill,Nightmare,,ipfs://bafybeidxp4u3ircbgev4scq7kfh7wgzozd2urcghdrxtw2763uncdvjiye
Monarx #224,Melting throne,Glitter boi,Mo,Abandoned,,ipfs://bafybeia5jhhm6yckiquq3iwn6n4zwrlmv5ee56nvgczuqwhnjdmv2rvdmm
Monarx #409,Broken shoehorn,Burn survivor,Mr robot,Sun ray,,ipfs://bafybeicvks554w6gvgbzdvclq5ntz2wdsqomg3zmfk3nz77ubcu5v4zmvm
Monarx #580,Northern lights,Soldier trench coat,Cranium oak,Mirage,,ipfs://bafybeihn5jyslkcm5utfhkbpfzzsr3nj5wvn6dm5nbdim7inaerqrsxpk4
Monarx #51,Dog feathers,Raven nest,Lava face,Golden sea,,ipfs://bafybeicclna2uhgimbqnmyf5ci5wgomd6i7zsgtrgzt3wyyew6id2hmnxq
Monarx #431,Turquoise glee,Glitter boi,Comet,Arizona,,ipfs://bafybeigkmxoicj4fpfcwfstln254sak3giepcb6ngcq7nevjsuyexjj5jy
Monarx #335,Jagged cold,Soldier trench coat,Venom kiss,Mind break,,ipfs://bafybeidhqd6vyx6kv7tehsm2z7ljnghhakliapbtqgjirfzywwyced5kr4
Monarx #291,Melting throne,Golden tulip,Sunflower,Blue forrest,,ipfs://bafybeicnouhbq2kwariyvdjhdxnptmvn6s5v6yvx2qskmasu7qej4feb34
Monarx #237,Rorschach,Vein milk,Shark fin,Depression,,ipfs://bafybeiatmbtvwhib6zaforer4gmu2hwtvasyx5w6eakxcqr35evfvxu7am
Monarx #26,Coral lava,Tar coat,Portal madness,Darkness,,ipfs://bafybeib37d7tpitba4onrq4amt6fqq4ynfkuhjehtxepd32nctsyhjvnmu
Monarx #67,Pinser,Uranus,Sunflower,Paint it red,,ipfs://bafybeib63fhj54pzoklfhz6r4qg75vg5ymmigvbv3n4rm4mji4w55kplei
Monarx #439,Oval gems,Salesman,Imoteh,Charcoal mine,,ipfs://bafybeic4qntnuzwkloqtklabu2wjrl2ox7zwr64clolofren27bt6nreqq
Monarx #504,Feather crown,Mad king,Butterfly soup,Amazon,,ipfs://bafybeiddbysvxtf2pu6w7czwz3h5srrfdepyttfq3pdxh4nzpw3yyymwf4
Monarx #524,Crown of nothing,Aquatic majesty,Rose peach,Dark marble,,ipfs://bafybeido2bxww5j7tvoxaoy77oj6ak7ts46jcbcxiwgjjg6fpvehkdj7ey
Monarx #518,Neon life giver,Raven nest,Homeless crown,Jungle cliff,,ipfs://bafybeieglqrqmbkr4xptiztkmabhmd4gr434bjixwntkmjxe5q33qiw6le
Monarx #636,Diving gale,Soldier trench coat,Lava portal,Inception,,ipfs://bafybeihupr3mh5ybv4i7j2haasvapvfrqjropbl5htz4mxjuirf35zk7b4
Monarx #28,Moldy ancestors,Men in black,Mona lisa,Darkness,,ipfs://bafybeift24kftat35ck5m3oc3wzqssdlbvuja5q2pmwt46xvguoy7swl4m
Monarx #348,Melted raven,Mad king,Lava fountain,Jade cave,,ipfs://bafybeif6fqngrqakycjnzlwstd6q45mzahaphefgj6qwn3acwdyqhqgrsa
Monarx #523,Tiny hope,Majestic amber,Sunflower,Shattered,,ipfs://bafybeifbn2lex5bjsrzibjyg5dld45tssay5pznqvqoh2wgy4x4q6eov5q
Monarx #321,Golden chaos,Paper bag,Meteor head,Abyss,,ipfs://bafybeihtqag5a6r6ypvaafwez4mi37pya4izn26fcltysyxv7kcbzqv3pm
Monarx #593,Cursed gold,Glitter boi,Pig demon,Am i dead,,ipfs://bafybeiafvauwiylp3q3w77rfb5amrepfnnnrle2zxw6btfmpwdstdqs3g4
Monarx #114,Oval gems,Satan leather,Happy face,Darkness,,ipfs://bafybeihufurammx65capy64sd5gz2ulip67zphefze3ci4lda4l6d3ayja
Monarx #412,Melting throne,Burn survivor,Zero,Ash and stains,,ipfs://bafybeifgvz5mguvlysgsvyx356nv5fv7tnpe4l3t2phgvg2hckjbs5bbka
Monarx #196,Colleseum,Men in black,Happy face,Paranoia,,ipfs://bafybeifn3u27hzktrvi2eqjnpzqikbgveykn6ylwjqszqcmhadrtrr63gu
Monarx #43,Coral lava,Graduation robes,Blood face,Midnight stone,,ipfs://bafybeigpmh64ui6r5tjj5jjqm7netclyvswpmtpb2rd2nvxdcnozlbonbq
Monarx #264,Icicle crown,Majestic amber,Spider face,Blood bath,,ipfs://bafybeidsqgijgrexswetqy2h6wuunlwu6pcnjhcguw63lwhje6hzo3nlri
Monarx #553,Melting throne,Soldier trench coat,Pig demon,Wishful thinking,,ipfs://bafybeiay27sqeg3gobenjv73chxp44ii5wb4l3uiumddldcclznwkpwkpe
Monarx #481,Crown of nothing,Mad king,Zero,Arizona,,ipfs://bafybeihozq436egnc3tyf6mb5mwx64lrhrz5triq5iosinugx4fesqiffq
Monarx #544,Melting throne,Mad king,Mr robot,Despair,,ipfs://bafybeiejk3qux2wnqfwpsdzjhjjzpkppcbqb73budi6vsy7rvzetcmwv6u
Monarx #396,Neon life giver,Crime scene,Shark fin,Charcoal mine,,ipfs://bafybeicncrszqogigmkkykppv4zpf3rflm5czoomnzte6d4mllpquytqx4
Monarx #465,Flower patch,The accountant,Grandpa portal,Abyss,,ipfs://bafybeidiet4p3gvq2wpmpkoqn7irjfd55n6zsgd4ftwpuufwnct7tdrpoa
Monarx #246,Cursed gold,Cotton collar,Homeless crown,Inception,,ipfs://bafybeibaxgobe2icebh6q54namwykwcpkf6suolk4wepqfubr6wy573wtm
Monarx #320,Glass chalk,Vivid luck,Leather santa,Abyss,,ipfs://bafybeieusniky2wmihoinbegczpbqva7m2oq6pzwg5ds7wfxggj5pwu2sm
Monarx #383,Neon life giver,Ribbon cloth_,Meteor head,Mind break,,ipfs://bafybeibbarjoz3eu6sqtqc3fbc4p22rsqewdg7fb7lv343togfeoshoa5e
Monarx #626,Flower patch,Salesman,Portal madness,Mania,,ipfs://bafybeieoxywj5polypvpgh6agm7i5bd5tnl4rutryafi3rjvjoiendem74
Monarx #242,Flaming raven,Burn survivor,Imoteh,Insomia,,ipfs://bafybeie4rpfldadkawudiqxougkoxev7lsz7pujarxm5dbxpw5f4nahgj4
Monarx #513,Poseidon,Uranus,Happy face,Suspicion,,ipfs://bafybeiggozz5nlpqaom5o5v27sr7zdifkfdk3tcfkml6kqzbxydprotn2i
Monarx #334,Brass club,Majestic amber,Grandpa portal,Delusion,,ipfs://bafybeifpkmdabs5q4dec7y7lstkgdgq6bzajm35zxxaxu7vwl3cqomofga
Monarx #508,Cursed gold,Satan leather,Blood face,Scarlet,,ipfs://bafybeih7iluzgyiihjuibgagd2d67ee2zvdcdbx3sjrlkpw2iy4qsixzbi
Monarx #633,Glass chalk,Satan leather,Lava portal,Devestation,,ipfs://bafybeih4dzyp7akwnalcifuwx6ql7mo56fuibtwfr2nvl4wgovbihiah6e
Monarx #3,Feather crown,Puddle suit,Intense,Devestation,,ipfs://bafybeih5deyus62b5ferlnswqqukexxmudo5mz7aqcr2suolu65h3bmh74
Monarx #492,Cursed gold,Aquatic majesty,Lava portal,Destiny,,ipfs://bafybeigj7fnel3o4n7aoajupcxi7kkxdxeub4aevlabmpuiri6xhfjav6a
Monarx #447,Pinser,Burn survivor,Lava portal,Mind break,,ipfs://bafybeigbqazl3q2zesza4fh4hrruojfetgs7fasxbbtn2gismkl63flh4q
Monarx #338,Dog feathers,Glitter boi,Neptune,Depression,,ipfs://bafybeibhs3n4dsw2mhurvtqac3x65gf6t3i4f3h3tue5ldzet7do4ya7fq
Monarx #289,Feather crown,Crows nest,Cranium oak,Perserverance,,ipfs://bafybeiaig2lpjjwaoj5zp5ocjsjngckialyd5mzujhyvmgpok4zojb4xzy
Monarx #384,Cursed gold,Vivid luck,Meteor head,Delusion,,ipfs://bafybeiapobrlumzebfka5bswqr3iibrm7ptjlomqvslewnbyype7e37eie
Monarx #587,Junkyard crown,Burn survivor,Portal madness,Abyss,,ipfs://bafybeifyfvwcihn6h7dfpg3a5mdqpi5c4oxbxjt5r7fzhbjsvjqoaeefde
Monarx #606,Flaming raven,Majestic amber,Maroon portal,Silence,,ipfs://bafybeiaa6lql5owzwv3f7zupyxhz7il4egahy2ivo3wvtzzhequfmof7ga
Monarx #176,Neon life giver,Animal tyrant,Grandpa portal,Amazon,,ipfs://bafybeia7ke2zuxaxhf637d24mp6tqhf5sx46qxam3z73bzchsdgtpfh73a
Monarx #16,Poseidon,The atlantic,Sunflower,Devestation,,ipfs://bafybeih4qbak7rvt2pok7yoztbglngw7k22skrj4fip4oc2ymqfs4bke64
Monarx #486,Flaming raven,Glitter boi,B orange,Charcoal mine,,ipfs://bafybeibb4zgigtiwwmvslrz3xnkqm5n2bs2trygojn3yba4bmycirchf34
Monarx #5,Crown of nothing,Cotton collar,Grandpa portal,Midnight stone,,ipfs://bafybeied7p7kc4hwh7wcwidpprkdmfspqii57c5yqaoq27rnzwfujjkgcu
Monarx #15,Feather crown,Itunes,Cranium oak,Confusion,,ipfs://bafybeibnenn3vlri3u7dpcbgmjr4al5poqvdrnimittvnr7j6o4hp3izgm
Monarx #566,Feather crown,Vivid luck,Three eyed ape,Sandpaper,,ipfs://bafybeibr46qxuv6gi46vxesuzzy6itgtgrlq5nl4sztxfmb5aiqbnjq6om
Monarx #190,Cursed gold,Raven nest,Bowl stack,Charcoal mine,,ipfs://bafybeidhjx5hd27vegvjylb5d6nckl6omhbr2g335tnbvx433hnbn5t7mm
Monarx #231,Golden chaos,Ribbon cloth_,Portal madness,Sandpaper,,ipfs://bafybeibmw5qom2ya4hyqalsxc2ehmkqf4zn5bt54zbrg4n2egcv22ejuye
Monarx #305,Glass chalk,Aquatic majesty,Shark fin,Devestation,,ipfs://bafybeiad2l3ouzwxqvxpcbq6yxwiahpcmgt6ma5ynjgj4f2s7l7aetythq
Monarx #193,Cursed gold,Autumn hail,Portal madness,Solitude,,ipfs://bafybeiannootrjquyws5462j2fahq2zutfhi3h3x6shke7rnyi454ruvfy
Monarx #182,Junkyard crown,Majestic amber,Mr robot,Blue forrest,,ipfs://bafybeighsitxnjrxjuo7rqihevo4t7rdr3d25flyd45q7kpen64yajagcy
Monarx #337,Melted raven,Salesman,Mona lisa,Ash and stains,,ipfs://bafybeiaxtnxyhedzxsow3uzvwb3dq53n3l67hte722v3yuxfw3w5ulimle
Monarx #322,Flaming raven,Aquatic majesty,Portal madness,Scarlet,,ipfs://bafybeic2reknofcbql6mmbyarq7bwvvt3x4ps5lwx7euoazyiiu5vjdw3u
Monarx #489,Feather crown,Graduation robes,Donut lops,Suspicion,,ipfs://bafybeiatzt4sdffo3sf624iouufox5ozetljrb5xtmoxfb2ghpvx5gmnzy
Monarx #576,Flaming raven,Uranus,Shark fin,Meatwad,,ipfs://bafybeig5q76gge56esxwyun2pk4s2vkvks6wiyydc5oj3riqporyubqq5u
Monarx #652,Feather crown,Superman,Portal madness,Insanity,,ipfs://bafybeig4yergxesfmzssz6uqd6a64gxl7bbkaikle34muhyfxdofo6kr7u
Monarx #119,Crown of nothing,Graduation robes,Oil spill,Sandpaper,,ipfs://bafybeicwy26q2nvj4h3kn2gdtmcdbqewwbocduhuqa5om25gfvmnrei2ce
Monarx #554,Feather crown,Seashell robe,Venom kiss,Sandpaper,,ipfs://bafybeih42snhbt52ptn6ucblez2yhrjjbrtpmgvagtlnzfxn3quqfi4spy
Monarx #152,Icicle crown,Raven nest,Spider face,Glacier,,ipfs://bafybeidsp3s4ttrdg4kvyglcnqn3n6enlchvfcqtlqvmqz7n74rvlgoulm
Monarx #541,Melted raven,Vivid luck,Meteor head,Ash and stains,,ipfs://bafybeihoivnenufbped6c7sexiygojgxga3oqfx7cxqefxdy52mjo5zppa
Monarx #34,Steel edge,Soldier trench coat,Sunflower,Devestation,,ipfs://bafybeiadponjpozhafyhhw5gkdjf33id2f3nb62d3dl7uxgqpfbxn4a554
Monarx #563,Icicle crown,Flex ball,Sleepy willow,Depression,,ipfs://bafybeieweblqwytd36wtvr6nif3k5vtcgs6ur3ie3rq6la6cevalbdowl4
Monarx #404,Feather crown,Men in black,Attitude,Golden sea,,ipfs://bafybeib7dvogxifidpsyjscj6btm5jfgdb5bkeaqhrt2sj6kx7as6ykox4
Monarx #401,Feather crown,Burn survivor,Zero,Apathy,,ipfs://bafybeiapvdzousqzrrbbirdccp2nuyizyjcopq3ewfpdzg6t2kkl4c3oeu
Monarx #296,Cursed gold,Majestic amber,Butterfly soup,Sacrafice,,ipfs://bafybeidoypg54ewocolm3z2zr6fyrtzuqq3fgwqdop7temtw7uo2qfhiq4
Monarx #488,Golden chaos,Glitter boi,Neptune,Blue forrest,,ipfs://bafybeif4varmc6wk5zlmidvglnbkdwp2f7l5faahifwahp2ujztk4w3h6i
Monarx #479,Mighty fall,Majestic amber,Sleepy willow,Crimson river,,ipfs://bafybeibyd5qkdwunldb4s434zberhxqypven2wlzdmmvjp2dsutksiqckq
Monarx #309,Oval gems,Soldier trench coat,Shark fin,Champion,,ipfs://bafybeihexuv5fvanuel6evhemou3zdadxj327fgtg7qxaobdozjpiml5ne
Monarx #153,Doom dome,Glitter boi,Meteor head,Solitude,,ipfs://bafybeih4uejdtrmsq6d7yumfbi3g4flt46qsjyrqebl4ao27gbsoiotqbq
Monarx #599,Flaming raven,Majestic amber,Cranium oak,Arizona,,ipfs://bafybeicsoybizxrcqocxwmxz5b72pbvrdv3w2zqdmovnsn4vlxfappgmby
Monarx #548,Melted raven,Modest monarch,Portal madness,Perserverance,,ipfs://bafybeigmejej4y372eoms4issbxh3f7rqbpwbtl2meolvczi4hmxvo6bey
Monarx #583,Golden chaos,Itunes,Portal madness,Buried sand,,ipfs://bafybeid4ayyht3iz5h3wmt2sswlkxet2vd225ki55ilr7is7udyypwfmoy
Monarx #295,Pinser,Glitter boi,Sunflower,Insomia,,ipfs://bafybeicbyakpwyfyddrqanizmr5uq3qxjjdwbtlt7on7q4zjnmdcodf4wq
Monarx #567,Glass chalk,Glitter boi,Sunflower,Darkness,,ipfs://bafybeiaax5n3mfhmtem6zqbcbztxuglvzbyf7wpqa5cbifgvp3d6ywb464
Monarx #585,Neon life giver,Raven nest,Mona lisa,Paint it red,,ipfs://bafybeif3qvplko4bqc7sppivrkesvdmiofepoxcn3nnpumj3nrmalr2bhm
Monarx #7,Feather crown,Cotton collar,Portal madness,Tangerine,,ipfs://bafybeict52vbdkq5ztvou36wyihknvv3nu2qnlv7nij2bgzrjp3pebn3yy
Monarx #121,Golden chaos,Majestic amber,Intelligencia,Sacrafice,,ipfs://bafybeibr7slpuy2or2s6idguadvfubqdieeuowznhilk4bygrg5ymhpsiu
Monarx #475,Golden chaos,Graduation robes,Zero,Depression,,ipfs://bafybeidfr7dkm6ibbz5cp3fi5imzv24s47gxkmpg4ibpez2fbjzysqwhye
Monarx #122,Cursed gold,Uranus,Comet,Devestation,,ipfs://bafybeifmicz6hr5e3bznvmytwh2ycb52z63xsjkvu6p57p5dvnuwitgo4q
Monarx #623,Feather crown,Salesman,Doom guy,Charcoal mine,,ipfs://bafybeigjzyppesuou3xjefcsikx72wyqicx52x277ltykbr2wpbwiu37fi
Monarx #428,Neon life giver,Vivid luck,Sunflower,Glacier,,ipfs://bafybeib2p2u6fyajcfetkv4nsq5pu4cy2hxmn7smcwm3wbmhwaje2btxaa
Monarx #501,Melting throne,Glitter boi,Happy face,Ash and stains,,ipfs://bafybeiftlhcy5godize4eul3pfirgte5atea6h357vlfqkb4mp2jspbf6q
Monarx #445,Crown of nothing,Graduation robes,Flower meadow,Abyss,,ipfs://bafybeicfefzwfevoipifq4bisccwbvocrnyfc6kb4w5yxw6yuvlp7g4mdi
Monarx #436,Golden chaos,Majestic amber,Portal madness,Helens edge,,ipfs://bafybeibz73xebf4dh6qp3cvplvoz44eaimgick5hhkxcmertqtwx4qvl5m
Monarx #131,Melting throne,Raven nest,Portal madness,Jade cave,,ipfs://bafybeifffc4kvh32qkzycazcgpd4meb27v7fuelfi7lbqayabjhdiaykpy
Monarx #536,Doom dome,Glitter boi,Flower meadow,Abyss,,ipfs://bafybeiese5fe3dcluz5lxucduxethwzgtuw3cgoixsks25bpisqi3j266m
Monarx #10,Flaming raven,Majestic amber,Clairvoyant,Abyss,,ipfs://bafybeidaoqvut26b5g6uhii4vsew4w7tmaic7tqxsqvijlwc5l2v2gtubu
Monarx #90,Poseidon,Soldier trench coat,Mona lisa,Perserverance,,ipfs://bafybeifrtm25gksykjkelrxaxi74br7oqwap5rqe5se44zz2cdkgfuxema
Monarx #141,Cursed gold,Vivid luck,Blood face,Dark marble,,ipfs://bafybeih67rff2aedwkq25alqykdx46ajmexgmapvvreocrpiwx6q4ed34y
Monarx #543,Poseidon,Majestic amber,Happy face,Insomia,,ipfs://bafybeihpl3rf7qsunwgjrmw537svny4v2wubddr2i6vi7vinrkmw7j6kma
Monarx #512,Feather crown,Grand admiral,Sleepy willow,Buried sand,,ipfs://bafybeicv6mjmk74qt332rqfm7apkyqs2kupll7dgdvohsqzouqc52ykubq
Monarx #250,Cursed gold,Majestic amber,Sunflower,Damascus steel,,ipfs://bafybeievctnrg3q3sq7sooofzlhagdw5z5obl6aewq56bspr2irxgqcywi
Monarx #600,Colleseum,Majestic amber,Sleepy willow,Wishful thinking,,ipfs://bafybeifsn3pfl47rofj3g6g333oxrzuud7vmllear42ilqt774rp6sdr7e
Monarx #270,Crown of nothing,Majestic amber,Portal madness,Golden sea,,ipfs://bafybeicrtfzwsttilwnhfpmtlth472jb3xyj3tkhsyzzjnm6mbebyytqfu
Monarx #4,Feather crown,Animal tyrant,Shark fin,Depression,,ipfs://bafybeicet7jxgvblqwlyfoaat3sgbx3yu5zgfybporwpitspfrz56hpq2q
Monarx #91,Feather crown,Cotton collar,Sleepy willow,Ash and stains,,ipfs://bafybeigsxio7pvrzqoqt2ofc6rhix52xygq5wzst7a5xqcgpvk66om75xu
Monarx #561,Cursed gold,Majestic amber,Lava portal,Charcoal mine,,ipfs://bafybeia376j7qdywm7cpphkyxunlgvipvnztwarbgmgsxyh3po5hgffsfu
Monarx #69,Feather crown,Glitter boi,Suspicion,Devestation,,ipfs://bafybeiergdcmss2bfdolru52bkgngfegh77lz3sdi5jz445rt4mu55kbpe
Monarx #605,Cursed gold,Burn survivor,Happy face,Perserverance,,ipfs://bafybeidgcg6snsbpcaaqhz6lttvhfp4obaw45vhe22exgwglu5eo6jr7yy
Monarx #628,Melted raven,Glitter boi,Portal madness,Glacier,,ipfs://bafybeidtuaotxcot3vduxx2opforsyedyrjeegxbgwvvvrrqegdywldy4q
Monarx #59,,,,,Legendary,ipfs://bafybeigu3bfk3xln3szgs5ibibt53on3jxpbzvz4w2stgdcpyku37njnli
Monarx #9,,,,,Rare,ipfs://bafybeicqty5lpndda2afkb2z2oayaoxbyxiij3elojb3e3w3sezbojjkwi
Monarx #461,,,,,Rare,ipfs://bafybeifa7xehhbpx3qf2w2uidzngenxxyrpnzijwnptx3sqipsioahiz2i
Monarx #23,,,,,Rare,ipfs://bafybeiag2p7ptexbtfsfep33qdvhjacycvhmpudi5uccmgaru2nhpskyvm
Monarx #531,,,,,Legendary,ipfs://bafybeiaypf65k5i22mjkhd4sdybizqwg7omh3wmdqflgagrkdvkd6rzci4
Monarx #547,,,,,Rare,ipfs://bafybeigjenzht5t3jysqvfde6o7r2tiitfs5c4gtl7troclvsyzfdh2rq4
Monarx #450,,,,,Rare,ipfs://bafybeigcuukaff5ftufzlsw5swnzkgfjtl7mtj4q7upvacpomsx4zs3ipe
Monarx #258,,,,,Rare,ipfs://bafybeidchv367vcupexszmuai4gvx7kwiacv5eevp6mygqsxsc2vv3eavi
Monarx #662,,,,,Rare,ipfs://bafybeihbkgn4x7ngddokemmhs2vtng2cnq5yj4cm4ybpnfrd7foiql5dwy
Monarx #502,,,,,Rare,ipfs://bafybeiblzgqnhwjnf6a36q7rpr7jndheg4qy7aetnapspe2icxgxummgiu
Monarx #565,,,,,Legendary,ipfs://bafybeiaeylfekyoazlbehopk5jrfl4a26t4tsyoxkry3azfnn66ojs2ily
Monarx #31,,,,,Rare,ipfs://bafybeiev7gzy4ruv4vq7blnyuoce6brudyoqahrxnxh7zjipcmy4lxemr4
Monarx #419,,,,,Rare,ipfs://bafybeifyd4dkz2syblt3wzry2kk5h6t5cgxxlg67vcypgl4oxbbopaja54
,,,,,,
,,,,,,
,,,,,,
,,,,,,
,,,,,,
,,,,,,
,,,,,,
,,,,,,
,,,,,,
,,,,,,
,,,,,,
,,,,,,
,,,,,,
,,,,,,
,,,,,,
,,,,,,
,,,,,,
,,,,,,
,,,,,,
,,,,,,
,,,,,,
,,,,,,
,,,,,,
,,,,,,
,,,,,,
,,,,,,
,,,,,,
,,,,,,
,,,,,,
,,,,,,
,,,,,,
,,,,,,
,,,,,,
,,,,,,
,,,,,,
,,,,,,
,,,,,,
,,,,,,
,,,,,,
,,,,,,
,,,,,,
,,,,,,
,,,,,,
,,,,,,
,,,,,,
,,,,,,
,,,,,,
,,,,,,
,,,,,,
,,,,,,
,,,,,,
,,,,,,
,,,,,,
,,,,,,
,,,,,,
,,,,,,
,,,,,,
,,,,,,
,,,,,,
,,,,,,
,,,,,,
,,,,,,
,,,,,,
,,,,,,
,,,,,,
,,,,,,
,,,,,,
,,,,,,
,,,,,,
,,,,,,
,,,,,,
,,,,,,
,,,,,,
,,,,,,
,,,,,,
,,,,,,
,,,,,,
,,,,,,
,,,,,,
,,,,,,
,,,,,,
,,,,,,
,,,,,,
,,,,,,
,,,,,,
,,,,,,
,,,,,,
,,,,,,
,,,,,,
,,,,,,
,,,,,,
,,,,,,
,,,,,,
,,,,,,
,,,,,,
,,,,,,
,,,,,,
,,,,,,
,,,,,,
,,,,,,
,,,,,,
,,,,,,
,,,,,,
,,,,,,
,,,,,,
,,,,,,
,,,,,,
,,,,,,
,,,,,,
,,,,,,
,,,,,,
,,,,,,
,,,,,,
,,,,,,
,,,,,,
,,,,,,
,,,,,,
,,,,,,
,,,,,,
,,,,,,
,,,,,,
,,,,,,
,,,,,,
,,,,,,
,,,,,,
,,,,,,
,,,,,,
,,,,,,
,,,,,,
,,,,,,
,,,,,,
,,,,,,
,,,,,,
,,,,,,
,,,,,,
,,,,,,
,,,,,,
,,,,,,
,,,,,,
,,,,,,
,,,,,,
,,,,,,
,,,,,,
,,,,,,
,,,,,,
,,,,,,
,,,,,,
,,,,,,
,,,,,,
,,,,,,
,,,,,,
,,,,,,
,,,,,,
,,,,,,
,,,,,,
,,,,,,
,,,,,,
,,,,,,
,,,,,,
,,,,,,
,,,,,,
,,,,,,
,,,,,,
,,,,,,
,,,,,,
,,,,,,
,,,,,,
,,,,,,
,,,,,,
,,,,,,
,,,,,,
,,,,,,
,,,,,,
,,,,,,
,,,,,,
,,,,,,
,,,,,,
,,,,,,
,,,,,,
,,,,,,
,,,,,,
,,,,,,
,,,,,,
,,,,,,
,,,,,,
,,,,,,
,,,,,,
,,,,,,
,,,,,,
,,,,,,
,,,,,,
,,,,,,
,,,,,,
,,,,,,
,,,,,,
,,,,,,
,,,,,,
,,,,,,
,,,,,,
,,,,,,
,,,,,,
,,,,,,
,,,,,,
,,,,,,
,,,,,,
,,,,,,
,,,,,,
,,,,,,
,,,,,,
,,,,,,
,,,,,,
,,,,,,
,,,,,,
,,,,,,
,,,,,,
,,,,,,
,,,,,,
,,,,,,
,,,,,,
,,,,,,
,,,,,,
,,,,,,
,,,,,,
,,,,,,
,,,,,,
,,,,,,
,,,,,,
,,,,,,
,,,,,,
,,,,,,
,,,,,,
,,,,,,
,,,,,,
,,,,,,
,,,,,,
,,,,,,
,,,,,,
,,,,,,
,,,,,,
,,,,,,
,,,,,,
,,,,,,
,,,,,,
,,,,,,
,,,,,,
,,,,,,
,,,,,,
,,,,,,
,,,,,,
,,,,,,
,,,,,,
,,,,,,
,,,,,,
,,,,,,
,,,,,,
,,,,,,
,,,,,,
,,,,,,
,,,,,,
,,,,,,
,,,,,,
,,,,,,
,,,,,,
,,,,,,
,,,,,,
,,,,,,
,,,,,,
,,,,,,
,,,,,,
,,,,,,
,,,,,,
,,,,,,
,,,,,,
,,,,,,
,,,,,,
,,,,,,
,,,,,,
,,,,,,
,,,,,,
,,,,,,
,,,,,,
,,,,,,
,,,,,,
,,,,,,
,,,,,,
,,,,,,
,,,,,,
,,,,,,
,,,,,,
,,,,,,
,,,,,,
,,,,,,
,,,,,,
,,,,,,
,,,,,,
,,,,,,
,,,,,,
,,,,,,
,,,,,,
,,,,,,
,,,,,,
,,,,,,
,,,,,,
,,,,,,
,,,,,,
,,,,,,
,,,,,,
,,,,,,
,,,,,,
,,,,,,
,,,,,,
,,,,,,
,,,,,,
,,,,,,
,,,,,,
,,,,,,
,,,,,,
,,,,,,
,,,,,,
,,,,,,
,,,,,,
,,,,,,
,,,,,,
,,,,,,
,,,,,,
,,,,,,
,,,,,,
,,,,,,
,,,,,,
,,,,,,
,,,,,,
,,,,,,
,,,,,,
,,,,,,
Monarx #422,,,,,,
Monarx #342,,,,,,
Monarx #269,,,,,,
Monarx #7,,,,,,
Monarx #623,,,,,,
Monarx #155,,,,,,
Monarx #45,,,,,,
Monarx #382,,,,,,
Monarx #528,,,,,,
Monarx #556,,,,,,
Monarx #658,,,,,,
Monarx #455,,,,,,
Monarx #640,,,,,,
Monarx #595,,,,,,
Monarx #375,,,,,,
Monarx #183,,,,,,
Monarx #506,,,,,,
Monarx #347,,,,,,
Monarx #586,,,,,,
Monarx #323,,,,,,
Monarx #540,,,,,,
Monarx #602,,,,,,
Monarx #534,,,,,,
Monarx #526,,,,,,
Monarx #395,,,,,,
Monarx #559,,,,,,
Monarx #470,,,,,,
Monarx #354,,,,,,
Monarx #653,,,,,,
Monarx #438,,,,,,
Monarx #62,,,,,,
Monarx #523,,,,,,
Monarx #30,,,,,,
Monarx #94,,,,,,
Monarx #661,,,,,,
Monarx #111,,,,,,
Monarx #570,,,,,,
Monarx #611,,,,,,
Monarx #59,,,,,,
Monarx #9,,,,,,
Monarx #461,,,,,,
Monarx #23,,,,,,
Monarx #531,,,,,,
Monarx #547,,,,,,
Monarx #450,,,,,,
Monarx #258,,,,,,
Monarx #662,,,,,,
Monarx #502,,,,,,
Monarx #565,,,,,,
Monarx #31,,,,,,
Monarx #419,,,,,,
,,,,,,
,,,,,,
,,,,,,
,,,,,,
,,,,,,
,,,,,,
,,,,,,
,,,,,,
,,,,,,
,,,,,,
,,,,,,
,,,,,,
,,,,,,
,,,,,,
,,,,,,
,,,,,,
,,,,,,
,,,,,,
,,,,,,
,,,,,,
,,,,,,
,,,,,,
,,,,,,
,,,,,,
,,,,,,
,,,,,,
,,,,,,
,,,,,,
,,,,,,
,,,,,,
,,,,,,
,,,,,,
,,,,,,
,,,,,,
,,,,,,
,,,,,,
,,,,,,
,,,,,,
,,,,,,
,,,,,,
,,,,,,
,,,,,,
,,,,,,
,,,,,,
,,,,,,
,,,,,,
,,,,,,
,,,,,,
,,,,,,
,,,,,,
,,,,,,
,,,,,,
,,,,,,
,,,,,,
,,,,,,
,,,,,,
,,,,,,
,,,,,,
,,,,,,
,,,,,,
,,,,,,
,,,,,,
,,,,,,
,,,,,,
,,,,,,
,,,,,,
,,,,,,
,,,,,,
,,,,,,
,,,,,,
,,,,,,
,,,,,,
,,,,,,
,,,,,,
,,,,,,
,,,,,,
,,,,,,
,,,,,,
,,,,,,
,,,,,,
,,,,,,
,,,,,,
,,,,,,
,,,,,,
,,,,,,
,,,,,,
,,,,,,
,,,,,,
,,,,,,
,,,,,,
,,,,,,
,,,,,,
,,,,,,
,,,,,,
,,,,,,
,,,,,,
,,,,,,
,,,,,,
,,,,,,
,,,,,,
,,,,,,
,,,,,,
,,,,,,
,,,,,,
,,,,,,
,,,,,,
,,,,,,
,,,,,,
,,,,,,
,,,,,,
,,,,,,
,,,,,,
,,,,,,
,,,,,,
,,,,,,
,,,,,,
,,,,,,
,,,,,,
,,,,,,
,,,,,,
,,,,,,
,,,,,,
,,,,,,
,,,,,,
,,,,,,
,,,,,,
,,,,,,
,,,,,,
,,,,,,
,,,,,,
,,,,,,
,,,,,,
,,,,,,
,,,,,,
,,,,,,
,,,,,,
,,,,,,
,,,,,,
,,,,,,
,,,,,,
,,,,,,
,,,,,,
,,,,,,
,,,,,,
,,,,,,
,,,,,,
,,,,,,
,,,,,,
,,,,,,
,,,,,,
,,,,,,
,,,,,,
,,,,,,
,,,,,,
,,,,,,
,,,,,,
,,,,,,
,,,,,,
,,,,,,
,,,,,,
,,,,,,
,,,,,,
,,,,,,
,,,,,,
,,,,,,
,,,,,,
,,,,,,
,,,,,,
,,,,,,
,,,,,,
,,,,,,
,,,,,,
,,,,,,
,,,,,,
,,,,,,
,,,,,,
,,,,,,
,,,,,,
,,,,,,
,,,,,,
,,,,,,
,,,,,,
,,,,,,
,,,,,,
,,,,,,
,,,,,,
,,,,,,
,,,,,,
,,,,,,
,,,,,,
,,,,,,
,,,,,,
,,,,,,
,,,,,,
,,,,,,
,,,,,,
,,,,,,
,,,,,,
,,,,,,
,,,,,,
,,,,,,
,,,,,,
,,,,,,
,,,,,,
,,,,,,
,,,,,,
,,,,,,
,,,,,,
,,,,,,
,,,,,,
,,,,,,
,,,,,,
,,,,,,
,,,,,,
,,,,,,
,,,,,,
,,,,,,
,,,,,,
,,,,,,
,,,,,,
,,,,,,
,,,,,,
,,,,,,
,,,,,,
,,,,,,
,,,,,,
,,,,,,
,,,,,,
,,,,,,
,,,,,,
,,,,,,
,,,,,,
,,,,,,
,,,,,,
,,,,,,
,,,,,,
,,,,,,
,,,,,,
,,,,,,
,,,,,,
,,,,,,
,,,,,,
,,,,,,
,,,,,,
,,,,,,
,,,,,,
,,,,,,
,,,,,,
,,,,,,
,,,,,,
,,,,,,
,,,,,,
,,,,,,
,,,,,,
,,,,,,
,,,,,,
,,,,,,
,,,,,,
,,,,,,
,,,,,,
,,,,,,
,,,,,,
,,,,,,
,,,,,,
,,,,,,
,,,,,,
,,,,,,
,,,,,,
,,,,,,
,,,,,,
,,,,,,
,,,,,,
,,,,,,
,,,,,,
,,,,,,
,,,,,,
,,,,,,
,,,,,,
,,,,,,
,,,,,,
,,,,,,
,,,,,,
,,,,,,
,,,,,,
,,,,,,
,,,,,,
,,,,,,
,,,,,,
,,,,,,
,,,,,,
,,,,,,
,,,,,,
,,,,,,
,,,,,,
,,,,,,
,,,,,,
,,,,,,
,,,,,,
,,,,,,
,,,,,,
,,,,,,
,,,,,,
,,,,,,
,,,,,,
,,,,,,
,,,,,,
,,,,,,
,,,,,,
,,,,,,
,,,,,,
,,,,,,
,,,,,,
,,,,,,
,,,,,,
,,,,,,
,,,,,,
,,,,,,
,,,,,,
,,,,,,
,,,,,,
,,,,,,
,,,,,,
,,,,,,
,,,,,,
,,,,,,
,,,,,,
,,,,,,
,,,,,,
,,,,,,
,,,,,,
,,,,,,
,,,,,,
,,,,,,
,,,,,,
,,,,,,